Country,Geographic_region,Private_company,End_target,End_target_year,Status_of_end_target,Interim_target,Interim_target_year,GHGs_covered,Scope_1_coverage,Scope_2_coverage,Published_plan,Reporting_mechanism,Accountability_delivery,Carbon_credits,Separate_removal_target,Planning_removals,Historical_emissions,Race_to_zero_member,Industry,log_revenue,log_employees,Scope_3_coverage
CHN,East Asia,No,Carbon neutral(ity),2030.0,In corporate strategy,No target,2030.0,Carbon dioxide and other GHGs,Yes,Yes,Yes,Annual reporting,Yes,Not Specified,No,Not Specified,No,Yes,Services,25.13502116235473,11.593924638161676,Yes
GBR,Europe,No,Net zero,2050.0,In corporate strategy,Emissions intensity target,2025.0,Carbon dioxide and other GHGs,Yes,Yes,Yes,Annual reporting,Yes,Yes,No,Yes (nature-based and CCS-based removals),No,No,Fossil Fuels,26.37147569854275,11.552155793461898,Yes
USA,North America,No,No target,2050.0,In corporate strategy,No target,2030.0,Not Specified,Yes,Yes,No,Annual reporting,Not Specified,Not Specified,No,Not Specified,No,No,Services,22.355247714010947,8.149312843635345,Partial
CHN,East Asia,No,No target,2050.0,In corporate strategy,No target,2030.0,Not Specified,Not Specified,Not Specified,No,Annual reporting,Not Specified,Not Specified,No,Not Specified,No,No,Infrastructure,25.04931718115643,11.78917746228709,Not Specified
USA,North America,No,Emissions reduction target,2030.0,In corporate strategy,No target,2030.0,Carbon dioxide only,Yes,Yes,Yes,Annual reporting,Yes,Not Specified,No,Not Specified,No,No,Materials,23.86309845451745,11.06665398721974,Partial
USA,North America,No,Net zero,2050.0,In corporate strategy,Emissions intensity target,2030.0,Carbon dioxide and other GHGs,Yes,Yes,Yes,Annual reporting,Not Specified,Yes,No,Not Specified,No,Yes,Services,24.761040047697755,11.009274044952239,Partial
SWE,Europe,No,Net zero,2050.0,In corporate strategy,Emissions reduction target,2030.0,Carbon dioxide and other GHGs,Yes,Yes,Yes,Annual reporting,Yes,Not Specified,No,Not Specified,No,Yes,Services,23.628799842636973,9.917538375758788,Yes
USA,North America,No,Net zero,2050.0,In corporate strategy,Net zero or similar,2030.0,Carbon dioxide and other GHGs,Yes,Yes,Yes,Annual reporting,Yes,Yes,No,Not Specified,No,Yes,Services,25.15883323856017,12.206077645517674,Yes
GBR,Europe,No,Net zero,2050.0,In corporate strategy,Emissions reduction target,2033.0,Carbon dioxide and other GHGs,Yes,Yes,No,Annual reporting,Yes,No,No,Not Specified,No,No,Materials,23.328840246533247,10.62135173563291,Yes
USA,North America,Yes,Net zero,2050.0,In corporate strategy,Emissions reduction target,2025.0,Carbon dioxide and other GHGs,Yes,Yes,Yes,Annual reporting,Yes,Not Specified,No,Not Specified,No,No,"Food, beverage & agriculture",24.529928326738954,11.775297421715827,Yes
FRA,Europe,No,Emissions reduction target,2030.0,In corporate strategy,No target,2030.0,Carbon dioxide only,Yes,Yes,Yes,Annual reporting,Not Specified,Yes,No,Yes (unspecified),No,Yes,Materials,23.521095801800367,10.094273187742212,Yes
JPN,East Asia,No,Emissions reduction target,2030.0,In corporate strategy,No target,2030.0,Not Specified,Yes,Yes,Yes,Annual reporting,Not Specified,Not Specified,No,Not Specified,No,No,Services,20.175084428366755,7.718240951959316,No
JPN,East Asia,No,Net zero,2050.0,In corporate strategy,Net zero or similar,2030.0,Not Specified,Yes,Yes,Yes,Annual reporting,Not Specified,Not Specified,No,Not Specified,No,No,Services,21.63835584864453,8.632127729508337,Partial
DEU,Europe,No,Net zero,2050.0,In corporate strategy,Absolute emissions target,2030.0,Carbon dioxide only,Not Specified,Not Specified,Yes,Annual reporting,Yes,Yes,No,Not Specified,No,Yes,Transportation services,25.23481741163213,13.307554147399848,Not Specified
JPN,East Asia,No,Net zero,2050.0,In corporate strategy,Emissions reduction target,2030.0,Carbon dioxide and other GHGs,Yes,Yes,No,Annual reporting,Yes,Yes,No,Not Specified,No,Yes,Infrastructure,23.05278493127788,9.230437073675304,Yes
USA,North America,No,Net zero,2050.0,In corporate strategy,Emissions reduction target,2030.0,Carbon dioxide and other GHGs,Yes,Yes,No,Annual reporting,Yes,Not Specified,No,Not Specified,No,Yes,Services,24.404617024664745,11.820417517632333,Yes
CHN,East Asia,No,Carbon neutral(ity),2050.0,In corporate strategy,Emissions reduction target,2032.0,Carbon dioxide only,Yes,Yes,Yes,Annual reporting,Not Specified,Not Specified,No,Not Specified,No,Yes,Retail,23.025850930040455,11.82981433596995,Yes
JPN,East Asia,No,Carbon neutral(ity),2050.0,In corporate strategy,Emissions intensity target,2025.0,Not Specified,Yes,Yes,Yes,Annual reporting,Yes,Not Specified,No,"Yes (CCS-based removals e.g. BECCS, DACCS)",No,No,Materials,23.340661669853482,9.986725151106183,No
GBR,Europe,No,Net zero,2040.0,In corporate strategy,Emissions reduction target,2030.0,Carbon dioxide and other GHGs,Yes,Yes,No,Annual reporting,Yes,Yes,No,"Yes (CCS-based removals e.g. BECCS, DACCS)",No,Yes,Materials,23.658929584087378,9.505320746909074,Partial
CAN,North America,No,Emissions reduction target,2035.0,In corporate strategy,Emissions reduction target,2030.0,Carbon dioxide and other GHGs,Yes,Yes,Yes,Annual reporting,Yes,Yes,No,"Yes (CCS-based removals e.g. BECCS, DACCS)",No,No,Fossil Fuels,23.390563485631095,9.228278517107196,No
CHN,East Asia,No,Carbon neutral(ity),2050.0,In corporate strategy,No target,2030.0,Carbon dioxide only,Not Specified,Not Specified,Yes,Annual reporting,Not Specified,Not Specified,No,Not Specified,No,No,Infrastructure,20.682443843467823,8.279443487712665,Not Specified
USA,North America,No,Net zero,2050.0,In corporate strategy,Emissions intensity target,2030.0,Carbon dioxide and other GHGs,Yes,Yes,Yes,Annual reporting,Yes,Not Specified,No,"Yes (CCS-based removals e.g. BECCS, DACCS)",No,No,Fossil Fuels,24.02276266381913,9.49732219931357,Partial
CHN,East Asia,No,No target,2050.0,In corporate strategy,No target,2030.0,Carbon dioxide and other GHGs,Yes,Yes,No,Annual reporting,No,Not Specified,No,No,No,No,Manufacturing,22.995391722558843,11.353026629438281,No
HKG,East Asia,No,Emissions reduction target,2035.0,In corporate strategy,Emissions reduction target,2030.0,Carbon dioxide and other GHGs,Yes,Yes,Yes,Annual reporting,Yes,Not Specified,No,Not Specified,No,No,Infrastructure,8.705993714307901,10.915106645867503,Yes
CHN,East Asia,No,Carbon neutral(ity),2050.0,Declaration / pledge,No target,2030.0,Not Specified,Not Specified,Not Specified,No,Annual reporting,Not Specified,Not Specified,No,Not Specified,No,No,Services,22.377677115214446,8.811205187562887,Not Specified
SGP,East Asia,No,Net zero,2050.0,In corporate strategy,Other,2030.0,Not Specified,Yes,Yes,Yes,Annual reporting,Yes,Yes,No,No,No,No,Services,23.957660617511667,10.3610706149064,Yes
CHN,East Asia,No,Emissions reduction target,2025.0,In corporate strategy,No target,2030.0,Carbon dioxide and other GHGs,Yes,Yes,Yes,Annual reporting,Not Specified,Not Specified,No,Not Specified,No,No,"Biotech, health care & pharma",25.129667960773805,11.650659265098087,No
HKG,East Asia,No,Net zero,2050.0,In corporate strategy,Emissions reduction target,2030.0,Carbon dioxide and other GHGs,Yes,Yes,Yes,Annual reporting,Yes,No,No,Yes (unspecified),No,Yes,Infrastructure,20.9055873945737,8.462314529906248,Yes
JPN,East Asia,No,Net zero,2050.0,In corporate strategy,Emissions reduction target,2030.0,Carbon dioxide and other GHGs,Yes,Yes,No,Annual reporting,Not Specified,Not Specified,No,No,No,No,"Biotech, health care & pharma",23.252508300634183,9.6457525564523,Yes
BRA,Latin America and the Caribbean,No,Carbon neutral(ity),2051.0,In corporate strategy,Emissions reduction target,2030.0,Carbon dioxide and other GHGs,Yes,Yes,No,Annual reporting,Not Specified,Yes,No,Not Specified,No,No,Infrastructure,22.791014280161672,9.473396704601559,Yes
KOR,East Asia,No,Carbon neutral(ity),2050.0,In corporate strategy,Emissions reduction target,2030.0,Carbon dioxide and other GHGs,Yes,Yes,Yes,Annual reporting,Yes,Yes,No,Not Specified,Yes,No,Manufacturing,23.805175806787325,6.0330862217988015,Yes
JPN,East Asia,No,Carbon neutral(ity),2050.0,In corporate strategy,Emissions reduction target,2030.0,Carbon dioxide only,Yes,Yes,Yes,Annual reporting,Not Specified,No,No,No,Yes,No,Services,20.665636725169097,7.992944547318106,No
USA,North America,No,Net zero,2050.0,Proposed / in discussion,Emissions reduction target,2032.0,Carbon dioxide and other GHGs,Yes,Yes,Yes,Annual reporting,Yes,Not Specified,No,Not Specified,Yes,No,Manufacturing,24.155638836109325,11.302216779257382,Yes
ESP,Europe,No,Net zero,2040.0,In corporate strategy,Net zero or similar,2030.0,Carbon dioxide and other GHGs,Yes,Yes,Yes,Annual reporting,Yes,No,No,"Yes (nature-based removals e.g. Forestation, soil carbon enhancement)",No,Yes,Power generation,24.602641676062976,10.65128862434712,Yes
LUX,Europe,No,Carbon neutral(ity),2030.0,Proposed / in discussion,Net zero or similar,2025.0,Carbon dioxide only,Yes,Yes,Yes,Annual reporting,No,Not Specified,No,Not Specified,No,No,Services,22.783142223258878,9.306740866262498,Yes
USA,North America,No,Net zero,2050.0,In corporate strategy,Emissions reduction target,2030.0,Not Specified,Yes,Yes,Yes,Annual reporting,No,Not Specified,No,"Yes (nature-based removals e.g. Forestation, soil carbon enhancement)",No,No,Transportation services,23.693680302567394,10.531669454243714,Not Specified
GBR,Europe,No,Emissions reduction target,2030.0,In corporate strategy,Other,2026.0,Carbon dioxide and other GHGs,Yes,Yes,Yes,Annual reporting,Yes,Not Specified,No,"Yes (CCS-based removals e.g. BECCS, DACCS)",No,No,Fossil Fuels,22.95209674145945,10.138757283648179,No
POL,Europe,No,Net zero,2050.0,Declaration / pledge,Emissions reduction target,2030.0,Not Specified,Not Specified,Not Specified,Yes,No reporting mechanism,No,Not Specified,No,No,No,No,Infrastructure,23.508338805736418,10.644853305366548,Not Specified
TWN,East Asia,No,Net zero,2050.0,In corporate strategy,Absolute emissions target,2030.0,Carbon dioxide and other GHGs,Yes,Yes,Yes,Annual reporting,Yes,Not Specified,No,"Yes (nature-based removals e.g. Forestation, soil carbon enhancement)",Yes,Yes,Services,21.678777282358464,9.028578658440741,Yes
KEN,Africa,No,Net zero,2050.0,In corporate strategy,Emissions reduction target,2025.0,Not Specified,Yes,Yes,No,Annual reporting,Not Specified,Yes,No,"Yes (nature-based removals e.g. Forestation, soil carbon enhancement)",No,Yes,Services,21.619761941900382,8.752107198329362,No
USA,North America,No,Emissions reduction target,2035.0,In corporate strategy,No target,2030.0,Carbon dioxide only,Yes,Yes,Yes,Annual reporting,Yes,No,No,No,No,No,Manufacturing,22.3719244627261,9.803722464346553,Partial
ITA,Europe,No,Net zero,2050.0,In corporate strategy,Emissions reduction target,2030.0,Not Specified,Yes,Yes,No,Annual reporting,No,Not Specified,No,Yes (unspecified),No,Yes,Manufacturing,23.54975071325294,10.315133519719373,Yes
THA,East Asia,No,Net zero,2030.0,In corporate strategy,No target,2050.0,Not Specified,Yes,Yes,Yes,Annual reporting,Not Specified,No,No,Not Specified,No,No,Services,22.25970285671117,10.434145214930487,No
USA,North America,No,Emissions reduction target,2030.0,In corporate strategy,No target,2030.0,Not Specified,Yes,Yes,Yes,Annual reporting,Yes,Not Specified,No,Not Specified,No,No,Manufacturing,23.536396514559147,10.778977123006351,Partial
USA,North America,No,Emissions reduction target,2030.0,In corporate strategy,No target,2030.0,Carbon dioxide and other GHGs,Yes,Yes,Yes,Annual reporting,Not Specified,Yes,No,Not Specified,No,No,Manufacturing,23.779434479351302,10.757924157061597,No
CHN,East Asia,No,Other,2025.0,Proposed / in discussion,No target,2030.0,Carbon dioxide and other GHGs,Not Specified,Not Specified,No,Annual reporting,No,Not Specified,No,"Yes (CCS-based removals e.g. BECCS, DACCS)",No,No,Infrastructure,25.070959792552724,11.775789604479371,Not Specified
USA,North America,No,Net zero,2050.0,In corporate strategy,Emissions reduction target,2030.0,Carbon dioxide and other GHGs,Yes,Yes,Yes,Annual reporting,Yes,Not Specified,No,Not Specified,Yes,No,"Food, beverage & agriculture",24.568422280138996,11.151969943847991,Yes
CAN,North America,No,Net zero,2050.0,Declaration / pledge,Emissions reduction target,2025.0,Not Specified,Not Specified,Not Specified,No,No reporting mechanism,No,Not Specified,No,No,No,No,Manufacturing,23.04152740942391,10.803262649032352,Not Specified
USA,North America,No,Emissions intensity target,2025.0,Achieved (externally validated),No target,2025.0,Carbon dioxide and other GHGs,Yes,Yes,No,Annual reporting,Not Specified,Yes,No,Not Specified,No,No,Manufacturing,23.353210342117084,10.434145214930487,No
USA,North America,No,Emissions reduction target,2030.0,In corporate strategy,No target,2030.0,Not Specified,Yes,Yes,No,Annual reporting,Not Specified,Not Specified,No,Not Specified,No,No,"Biotech, health care & pharma",21.795876323417634,8.974744612722734,No
AUS,Oceania,No,Carbon neutral(ity),2025.0,Achieved (externally validated),Other,2030.0,Carbon dioxide only,Yes,Yes,Yes,Annual reporting,Yes,Yes,No,Not Specified,No,No,Infrastructure,21.07743765136878,6.933423025730715,Partial
DEU,Europe,No,Climate neutral,2045.0,In corporate strategy,Emissions reduction target,2030.0,Not Specified,Yes,Yes,No,Less than annual reporting,Not Specified,Not Specified,No,Not Specified,No,No,Infrastructure,20.865633079100636,7.479299637782834,Not Specified
BMU,Latin America and the Caribbean,No,Net zero,2050.0,In corporate strategy,No target,2030.0,Carbon dioxide and other GHGs,Yes,No,Yes,Annual reporting,Not Specified,Not Specified,No,Not Specified,No,No,Services,23.572873469076132,8.018954683155718,Partial
JPN,East Asia,No,Emissions reduction target,2050.0,In corporate strategy,Net zero or similar,2025.0,Carbon dioxide and other GHGs,Yes,Yes,Yes,Annual reporting,Not Specified,Yes,No,Not Specified,Yes,Yes,"Biotech, health care & pharma",21.905299734060247,8.212839584676484,Yes
CHN,East Asia,No,No target,2050.0,In corporate strategy,No target,2030.0,Not Specified,Not Specified,Not Specified,No,Annual reporting,Not Specified,Yes,No,Not Specified,No,No,Power generation,23.16543894423448,8.97941663334301,Not Specified
USA,North America,No,Net zero,2050.0,In corporate strategy,Emissions reduction target,2035.0,Carbon dioxide and other GHGs,Yes,Yes,Yes,Annual reporting,Not Specified,Yes,No,"Yes (CCS-based removals e.g. BECCS, DACCS)",No,No,Fossil Fuels,23.15687919243458,9.544667452251007,No
USA,North America,Yes,No target,2050.0,In corporate strategy,Emissions reduction target,2030.0,Not Specified,Yes,Yes,No,No reporting mechanism,Not Specified,Not Specified,No,Not Specified,No,No,Services,23.330390119532407,9.754784507365798,Not Specified
KOR,East Asia,No,Net zero,2050.0,In corporate strategy,Emissions reduction target,2030.0,Not Specified,Yes,Yes,Yes,Annual reporting,Yes,Not Specified,No,Yes (unspecified),No,Yes,Materials,24.30319500657984,9.536617962187327,Partial
USA,North America,No,Net zero,2050.0,In corporate strategy,Emissions reduction target,2030.0,Carbon dioxide and other GHGs,Yes,Yes,No,Annual reporting,Yes,Not Specified,No,Not Specified,No,No,Manufacturing,23.104384807687012,9.952325334619427,Yes
KWT,Western and Central Asia,No,Emissions reduction target,2050.0,In corporate strategy,No target,2030.0,Carbon dioxide and other GHGs,Yes,Yes,Yes,Annual reporting,Yes,Not Specified,No,"Yes (nature-based removals e.g. Forestation, soil carbon enhancement)",No,No,Services,22.568092027269213,9.61587214452889,Yes
USA,North America,No,Emissions intensity target,2050.0,In corporate strategy,Emissions intensity target,2030.0,Carbon dioxide and other GHGs,Yes,Yes,Yes,Annual reporting,No,Not Specified,No,"Yes (CCS-based removals e.g. BECCS, DACCS)",No,No,Fossil Fuels,24.877450399540226,9.581972891547895,Yes
JPN,East Asia,No,Carbon neutral(ity),2050.0,In corporate strategy,Emissions reduction target,2030.0,Carbon dioxide and other GHGs,Yes,Yes,Yes,Annual reporting,No,Not Specified,No,Not Specified,No,Yes,Manufacturing,25.108948281010914,12.76815681307992,Yes
CZE,Europe,No,Climate neutral,2040.0,In corporate strategy,Emissions intensity target,2030.0,Carbon dioxide and other GHGs,Yes,Yes,Yes,Annual reporting,Not Specified,Not Specified,No,Yes (unspecified),No,Yes,Power generation,23.44186025199026,10.227742605218749,Yes
USA,North America,No,Net zero,2050.0,In corporate strategy,Emissions reduction target,2030.0,Carbon dioxide and other GHGs,Yes,Yes,No,Annual reporting,Not Specified,Yes,No,Not Specified,No,No,"Biotech, health care & pharma",25.80263085680493,11.518410395200798,Partial
GBR,Europe,No,Net zero,2040.0,Declaration / pledge,Emissions reduction target,2025.0,Carbon dioxide and other GHGs,Yes,Yes,Yes,Annual reporting,No,No,No,Not Specified,No,Yes,Infrastructure,22.79391887271927,9.463198053273784,Partial
USA,North America,No,No target,2050.0,In corporate strategy,No target,2030.0,Not Specified,Not Specified,Not Specified,No,Annual reporting,Not Specified,Not Specified,No,Not Specified,No,No,Services,21.65503614006281,5.099866427824199,Not Specified
NLD,Europe,No,Net zero,2050.0,In corporate strategy,Emissions reduction target,2025.0,Not Specified,Not Specified,Not Specified,No,Annual reporting,Not Specified,Not Specified,No,No,No,Yes,Services,22.471247559002695,8.369620826949102,Not Specified
BRA,Latin America and the Caribbean,No,Net zero,2050.0,In corporate strategy,Emissions reduction target,2030.0,Carbon dioxide and other GHGs,Yes,Yes,Yes,Annual reporting,Yes,No,Yes,"Yes (nature-based removals e.g. Forestation, soil carbon enhancement)",No,No,Manufacturing,22.50967770001543,10.574849141024151,Partial
USA,North America,No,Net zero,2050.0,In corporate strategy,Emissions reduction target,2030.0,Carbon dioxide and other GHGs,Yes,Yes,Yes,Annual reporting,Yes,Yes,No,"Yes (CCS-based removals e.g. BECCS, DACCS)",No,No,Power generation,23.32150117211582,9.34145634983372,Yes
CHN,East Asia,No,Carbon neutral(ity),2060.0,In corporate strategy,Emissions reduction target,2030.0,Not Specified,Not Specified,Not Specified,No,Annual reporting,Not Specified,Not Specified,No,Not Specified,No,No,Fossil Fuels,23.57420352565496,11.263925499110792,Not Specified
USA,North America,No,Emissions reduction target,2040.0,In corporate strategy,Emissions reduction target,2030.0,Carbon dioxide only,Yes,Yes,Yes,Annual reporting,No,Not Specified,Yes,Not Specified,Yes,Yes,Services,23.54464472341515,12.586223364451623,Yes
CAN,North America,No,No target,2050.0,In corporate strategy,No target,2030.0,Carbon dioxide and other GHGs,No,No,Yes,Annual reporting,No,Not Specified,No,No,No,No,"Food, beverage & agriculture",24.529283674550946,12.301387370778713,No
USA,North America,No,Emissions reduction target,2030.0,In corporate strategy,No target,2030.0,Carbon dioxide and other GHGs,Yes,Yes,Yes,Annual reporting,Yes,Not Specified,No,"Yes (nature-based removals e.g. Forestation, soil carbon enhancement)",No,No,"Food, beverage & agriculture",24.6956687283821,10.043292972227004,Yes
USA,North America,No,No target,2040.0,In corporate strategy,No target,2030.0,Not Specified,Not Specified,Not Specified,No,No reporting mechanism,No,Not Specified,No,Not Specified,No,No,Retail,23.867418115661778,10.203629181337648,No
USA,North America,No,Net zero,2050.0,In corporate strategy,Emissions reduction target,2030.0,Not Specified,Yes,Yes,Yes,Annual reporting,Yes,Not Specified,No,Not Specified,No,No,"Biotech, health care & pharma",23.139179615336747,11.112462823634855,Yes
JPN,East Asia,No,Net zero,2050.0,In corporate strategy,Emissions reduction target,2028.0,Not Specified,Yes,Yes,Yes,Annual reporting,Not Specified,Not Specified,No,Not Specified,No,No,"Biotech, health care & pharma",23.456268779469223,10.472742448925512,No
JPN,East Asia,No,Net zero,2050.0,In corporate strategy,Net zero or similar,2030.0,Carbon dioxide and other GHGs,Yes,Yes,Yes,Annual reporting,Yes,Not Specified,No,No,No,Yes,Services,23.21647128963175,9.975761701406148,Yes
JPN,East Asia,No,Carbon neutral(ity),2050.0,In corporate strategy,Emissions reduction target,2030.0,Carbon dioxide only,Yes,Yes,Yes,Annual reporting,Yes,Not Specified,No,No,No,No,Materials,24.216768889422987,11.0384156983199,Yes
USA,North America,No,Net zero,2050.0,In corporate strategy,Emissions intensity target,2030.0,Carbon dioxide and other GHGs,Yes,Yes,Yes,Less than annual reporting,Not Specified,Yes,No,"Yes (CCS-based removals e.g. BECCS, DACCS)",Yes,No,Transportation services,24.040465477906565,11.190665750276072,Partial
CHN,East Asia,No,No target,2050.0,In corporate strategy,No target,2030.0,Not Specified,Not Specified,Not Specified,No,Annual reporting,Not Specified,Not Specified,No,Not Specified,No,No,Infrastructure,11.349594441107186,12.00709107824302,Not Specified
CHN,East Asia,No,Emissions reduction target,2026.0,In corporate strategy,No target,2030.0,Not Specified,Yes,Yes,No,Annual reporting,Not Specified,Not Specified,No,Not Specified,No,No,Services,22.4256474952055,9.486076373409563,No
HKG,East Asia,No,Carbon neutral(ity),2050.0,In corporate strategy,Emissions reduction target,2025.0,Carbon dioxide and other GHGs,Yes,Yes,Yes,Annual reporting,Yes,Not Specified,No,Not Specified,No,No,Infrastructure,21.451780161826274,8.936035096566041,Partial
AUS,Oceania,No,Net zero,2050.0,In corporate strategy,Emissions reduction target,2030.0,Carbon dioxide and other GHGs,Yes,Yes,Yes,Annual reporting,Yes,No,No,Not Specified,No,No,"Biotech, health care & pharma",23.43809302239386,10.373522431293592,Partial
TWN,East Asia,No,Net zero,2050.0,In corporate strategy,Other,2030.0,Not Specified,Yes,Yes,Yes,Annual reporting,Not Specified,Not Specified,No,Not Specified,No,No,Services,21.311052502404085,9.089753408987065,Yes
ESP,Europe,No,Net zero,2050.0,Declaration / pledge,Emissions reduction target,2030.0,Carbon dioxide and other GHGs,Yes,Yes,Yes,Annual reporting,Not Specified,Yes,No,Yes (nature-based and CCS-based removals),No,No,Infrastructure,21.525715752845038,7.815207062189088,Partial
JPN,East Asia,No,Carbon neutral(ity),2050.0,In corporate strategy,Emissions reduction target,2030.0,Carbon dioxide only,Yes,Yes,Yes,Annual reporting,Not Specified,Yes,No,Not Specified,No,No,Manufacturing,25.690450685175684,12.180724067841732,Yes
USA,North America,No,No target,2040.0,In corporate strategy,No target,2030.0,Carbon dioxide and other GHGs,Yes,Yes,No,Annual reporting,Not Specified,Not Specified,No,Not Specified,No,No,Retail,22.91581282484315,10.818457412442868,Yes
CHN,East Asia,No,No target,2050.0,Proposed / in discussion,No target,2030.0,Not Specified,Not Specified,Not Specified,No,Annual reporting,Not Specified,Not Specified,No,Not Specified,No,No,Services,21.846570738530097,9.37704054786718,Not Specified
KOR,East Asia,No,No target,2050.0,In corporate strategy,No target,2030.0,Not Specified,Yes,Yes,No,Annual reporting,Not Specified,Not Specified,No,No,No,No,Services,23.05366063067698,8.294299608857235,Yes
AUS,Oceania,No,Net zero,2050.0,Proposed / in discussion,Emissions reduction target,2033.0,Carbon dioxide and other GHGs,Yes,Yes,No,Annual reporting,Not Specified,Not Specified,No,Not Specified,No,No,Manufacturing,22.194131099746297,9.04793908261736,Yes
CHN,East Asia,No,Carbon neutral(ity),2050.0,In corporate strategy,Other,2030.0,Not Specified,Yes,Yes,No,Annual reporting,Not Specified,Not Specified,No,Not Specified,No,No,Retail,22.79391887271927,10.130503596064212,No
CHN,East Asia,Yes,No target,2050.0,In corporate strategy,Emissions reduction target,2030.0,Carbon dioxide and other GHGs,Not Specified,Not Specified,Yes,Annual reporting,Yes,Not Specified,No,Not Specified,No,No,Materials,24.47041419920791,10.432644132986843,Not Specified
CHN,East Asia,No,No target,2050.0,In corporate strategy,No target,2030.0,Not Specified,Not Specified,Not Specified,No,Annual reporting,Not Specified,Not Specified,No,Not Specified,No,No,Services,22.3426540804317,6.481577129276431,Not Specified
CHN,East Asia,No,Carbon neutral(ity),2030.0,In corporate strategy,Emissions reduction target,2025.0,Carbon dioxide and other GHGs,Yes,Yes,Yes,Annual reporting,Yes,Yes,No,Yes (nature-based and CCS-based removals),Yes,No,Fossil Fuels,23.993480955182193,10.746196327732314,Not Specified
THA,East Asia,No,Net zero,2050.0,Declaration / pledge,No target,2030.0,Carbon dioxide and other GHGs,Yes,Yes,Yes,Annual reporting,No,Yes,No,"Yes (nature-based removals e.g. Forestation, soil carbon enhancement)",Yes,No,Materials,23.461974559067066,10.965003536563062,Yes
QAT,Western and Central Asia,No,Emissions reduction target,2050.0,In corporate strategy,No target,2030.0,Not Specified,Yes,Yes,Yes,Annual reporting,Not Specified,Not Specified,No,Not Specified,No,No,Services,21.556174960316298,9.754784507365798,No
CHN,East Asia,No,Carbon neutral(ity),2060.0,Declaration / pledge,Other,2030.0,Carbon dioxide and other GHGs,Yes,Yes,No,Annual reporting,Not Specified,No,No,No,No,No,Materials,24.408639151756148,9.874830843286324,No
CHN,East Asia,No,No target,2050.0,In corporate strategy,No target,2030.0,Not Specified,Yes,Yes,No,Annual reporting,Not Specified,Not Specified,No,Not Specified,No,No,Services,24.753018543293113,11.056619591646689,Not Specified
JPN,East Asia,No,Carbon neutral(ity),2050.0,Declaration / pledge,Emissions reduction target,2030.0,Carbon dioxide and other GHGs,Yes,Yes,Yes,Annual reporting,Yes,Yes,No,"Yes (nature-based removals e.g. Forestation, soil carbon enhancement)",No,No,Transportation services,23.08279821047667,10.859421985014835,No
SWE,Europe,No,Net zero,2050.0,In corporate strategy,Emissions reduction target,2030.0,Carbon dioxide and other GHGs,Yes,Yes,Yes,Annual reporting,Not Specified,Not Specified,No,Yes (nature-based and CCS-based removals),No,Yes,Services,23.43736437664909,9.81809304951918,Yes
FRA,Europe,No,Carbon neutral(ity),2050.0,In corporate strategy,Other,2025.0,Carbon dioxide and other GHGs,Yes,Yes,Yes,Annual reporting,Yes,Yes,No,"Yes (nature-based removals e.g. Forestation, soil carbon enhancement)",No,Yes,Services,25.838735508319967,12.193898844598465,Partial
IRL,Europe,No,Carbon neutral(ity),2030.0,In corporate strategy,No target,2030.0,Carbon dioxide and other GHGs,Yes,Yes,Yes,Annual reporting,Yes,Yes,No,Not Specified,No,Yes,Manufacturing,23.608066549848985,11.522885696764481,Partial
ESP,Europe,No,Net zero,2050.0,In corporate strategy,Emissions reduction target,2030.0,Carbon dioxide and other GHGs,Yes,Yes,Yes,Annual reporting,Yes,Yes,No,Yes (nature-based and CCS-based removals),No,No,Fossil Fuels,11.031480634075546,10.150425752416055,Yes
BRA,Latin America and the Caribbean,No,Carbon neutral(ity),2050.0,In corporate strategy,Emissions reduction target,2028.0,Carbon dioxide only,Yes,Yes,Yes,Annual reporting,Yes,Yes,No,"Yes (nature-based removals e.g. Forestation, soil carbon enhancement)",No,No,Materials,23.311029872249307,8.922791623969637,Partial
JPN,East Asia,No,Carbon neutral(ity),2030.0,In corporate strategy,No target,2030.0,Carbon dioxide only,Yes,Yes,Yes,Annual reporting,Not Specified,Not Specified,No,Not Specified,No,No,Services,21.415912892964926,8.329175442077402,No
USA,North America,No,Net zero,2050.0,In corporate strategy,Emissions reduction target,2030.0,Carbon dioxide only,Yes,Yes,No,Annual reporting,Yes,Not Specified,No,Not Specified,No,Yes,Materials,23.240962309638046,10.823790225800138,Yes
FRA,Europe,No,Net zero,2040.0,In corporate strategy,Emissions reduction target,2030.0,Carbon dioxide only,Yes,Yes,Yes,Annual reporting,Yes,Not Specified,No,Not Specified,No,No,Manufacturing,23.82596733154257,11.326848866824777,Partial
CHE,Europe,No,Net zero,2040.0,In corporate strategy,Emissions reduction target,2030.0,Carbon dioxide only,Yes,Yes,Yes,Annual reporting,No,Yes,No,No,No,No,Infrastructure,20.985630102183134,8.780633799494984,Partial
USA,North America,No,Net zero,2040.0,In corporate strategy,Emissions reduction target,2030.0,Carbon dioxide and other GHGs,Yes,Yes,No,Annual reporting,Not Specified,Yes,No,Not Specified,No,No,Retail,24.755025523994632,12.804911893867851,No
FRA,Europe,No,Net zero,2050.0,Declaration / pledge,Emissions reduction target,2030.0,Carbon dioxide and other GHGs,Yes,Yes,Yes,Annual reporting,Yes,No,No,Not Specified,No,No,Hospitality,22.227343233944907,12.316589345194512,Partial
DNK,Europe,No,Net zero,2050.0,In corporate strategy,Emissions reduction target,2030.0,Carbon dioxide only,Yes,Yes,Yes,Annual reporting,Yes,Not Specified,No,Not Specified,No,No,Transportation services,24.128521638769268,11.242218496724409,Yes
TWN,East Asia,No,Carbon neutral(ity),2050.0,Declaration / pledge,Emissions reduction target,2025.0,Not Specified,Yes,Yes,No,Less than annual reporting,Not Specified,Not Specified,No,No,No,No,Materials,22.856366622066464,6.467698726104354,Not Specified
JPN,East Asia,No,Net zero,2040.0,In corporate strategy,Emissions reduction target,2030.0,Carbon dioxide and other GHGs,Yes,Yes,Yes,Annual reporting,Yes,Not Specified,No,Not Specified,No,No,Services,25.228405720870477,12.732184832153814,Yes
IRL,Europe,No,Net zero,2025.0,In corporate strategy,No target,2030.0,Carbon dioxide and other GHGs,Yes,Yes,Yes,Annual reporting,Not Specified,Not Specified,No,"Yes (nature-based removals e.g. Forestation, soil carbon enhancement)",No,Yes,Services,24.931251535672438,13.559328444560693,Yes
USA,North America,No,No target,2040.0,In corporate strategy,No target,2030.0,Not Specified,Not Specified,Not Specified,No,Annual reporting,Not Specified,Not Specified,No,Not Specified,No,No,Retail,23.95426784165197,11.457106154131509,Not Specified
FRA,Europe,No,Net zero,2045.0,In corporate strategy,Net zero or similar,2030.0,Not Specified,Yes,Yes,Yes,Annual reporting,No,Yes,No,Not Specified,No,Yes,"Biotech, health care & pharma",10.701850238240384,11.345547691561876,Yes
IND,South Asia,No,Carbon neutral(ity),2032.0,Declaration / pledge,Emissions intensity target,2025.0,Carbon dioxide and other GHGs,Yes,Yes,No,Annual reporting,Yes,Yes,No,Not Specified,No,No,Services,22.435621283567638,10.297622044301908,Yes
USA,North America,No,Net negative,2030.0,In corporate strategy,Emissions reduction target,2025.0,Carbon dioxide and other GHGs,Yes,Yes,Yes,Annual reporting,Yes,Yes,No,Yes (unspecified),Yes,Yes,Services,22.294378635266657,8.573573524852344,Yes
CHN,East Asia,No,Carbon neutral(ity),2060.0,In corporate strategy,Other,2030.0,Carbon dioxide and other GHGs,Not Specified,Not Specified,No,Annual reporting,Not Specified,Not Specified,No,Not Specified,No,No,Services,24.424567811083595,11.05865344255235,Partial
DEU,Europe,No,Climate neutral,2040.0,Achieved (externally validated),Emissions reduction target,2025.0,Carbon dioxide and other GHGs,Yes,Yes,Yes,Annual reporting,Yes,Yes,No,No,No,No,Manufacturing,23.702563804087806,11.653174245342274,Partial
USA,North America,No,Net zero,2045.0,In corporate strategy,Emissions reduction target,2030.0,Carbon dioxide and other GHGs,Yes,Yes,Yes,Annual reporting,Yes,Not Specified,No,"Yes (CCS-based removals e.g. BECCS, DACCS)",No,No,Infrastructure,22.82005601708371,9.131838143821225,No
USA,North America,No,Emissions reduction target,2030.0,In corporate strategy,Emissions reduction target,2026.0,Carbon dioxide and other GHGs,Yes,Yes,Yes,Annual reporting,Yes,No,No,"Yes (nature-based removals e.g. Forestation, soil carbon enhancement)",No,No,"Food, beverage & agriculture",25.112392208747927,11.23850177707664,Yes
FIN,Europe,No,Carbon neutral(ity),2035.0,In corporate strategy,Emissions reduction target,2030.0,Carbon dioxide and other GHGs,Yes,Yes,Yes,Annual reporting,Yes,Not Specified,No,Not Specified,No,No,Fossil Fuels,23.828793776368087,8.60922527686273,No
USA,North America,No,Net zero,2040.0,Declaration / pledge,Emissions reduction target,2030.0,Carbon dioxide and other GHGs,Yes,Yes,Yes,No reporting mechanism,Not Specified,Yes,No,No,No,No,Services,22.141301084092554,6.113682179832232,No
CHN,East Asia,No,No target,2050.0,In corporate strategy,No target,2030.0,Not Specified,Yes,Yes,No,Annual reporting,Not Specified,Not Specified,No,Not Specified,No,No,Services,22.732687194053504,9.814492390964565,No
USA,North America,No,Carbon neutral(ity),2050.0,Achieved (self-declared),Emissions reduction target,2030.0,Carbon dioxide only,Yes,Yes,Yes,Annual reporting,No,Yes,No,Not Specified,No,Yes,Manufacturing,22.077037006619005,9.758519582283522,Yes
CHN,East Asia,No,No target,2050.0,In corporate strategy,No target,2030.0,Carbon dioxide and other GHGs,No,No,No,No reporting mechanism,No,No,No,No,No,No,Services,25.949786404680136,13.022010303557042,No
JPN,East Asia,No,Zero emissions,2050.0,In corporate strategy,Emissions reduction target,2025.0,Carbon dioxide and other GHGs,Yes,Yes,Yes,Annual reporting,Yes,Not Specified,No,"Yes (CCS-based removals e.g. BECCS, DACCS)",No,No,Materials,23.020838388217417,10.20374028216176,Yes
USA,North America,No,Emissions intensity target,2030.0,In corporate strategy,No target,2030.0,Carbon dioxide only,Yes,Yes,Yes,Annual reporting,Yes,Yes,No,Not Specified,No,No,Hospitality,23.13685548807286,12.10625783509458,No
AUT,Europe,No,Emissions reduction target,2025.0,In corporate strategy,No target,2030.0,Not Specified,Yes,Yes,No,Annual reporting,Not Specified,Yes,No,Not Specified,No,No,Services,21.35187449690212,8.10349427838097,No
DEU,Europe,No,Carbon neutral(ity),2045.0,In corporate strategy,Emissions reduction target,2030.0,Carbon dioxide and other GHGs,Yes,Yes,No,Annual reporting,Yes,Not Specified,No,Not Specified,No,No,Infrastructure,22.79391887271927,9.397400683117311,Partial
FRA,Europe,No,Net zero,2038.0,In corporate strategy,Emissions reduction target,2030.0,Not Specified,Yes,Yes,Yes,Annual reporting,Yes,Yes,No,Not Specified,No,No,Manufacturing,25.316363441710354,10.833424746444134,Yes
HKG,East Asia,No,Net zero,2050.0,In corporate strategy,Emissions reduction target,2030.0,Carbon dioxide and other GHGs,Yes,Yes,No,Annual reporting,Yes,Yes,No,No,No,No,Infrastructure,23.07511717133857,10.77325255447335,Not Specified
GBR,Europe,No,Net zero,2040.0,In corporate strategy,Net zero or similar,2025.0,Carbon dioxide only,Yes,Yes,Yes,Annual reporting,No,Not Specified,No,Not Specified,No,Yes,Services,21.05973807428191,8.193400231952097,Yes
THA,East Asia,No,Net zero,2050.0,In corporate strategy,Emissions reduction target,2030.0,Not Specified,Yes,Yes,Yes,Annual reporting,Yes,Not Specified,No,"Yes (nature-based removals e.g. Forestation, soil carbon enhancement)",No,No,"Biotech, health care & pharma",21.716517610327063,10.161805178857993,No
ESP,Europe,No,Net zero,2050.0,In corporate strategy,Other,2030.0,Carbon dioxide and other GHGs,Yes,Yes,Yes,Annual reporting,No,Yes,No,Yes (nature-based and CCS-based removals),Yes,Yes,Services,25.197598142415718,12.237876498573703,Yes
ESP,Europe,No,Net zero,2050.0,In corporate strategy,Emissions intensity target,2030.0,Carbon dioxide and other GHGs,No,No,Yes,Annual reporting,Yes,No,No,Not Specified,No,Yes,Services,22.506657056672015,8.804175018753625,Partial
USA,North America,No,Science-based target,2030.0,In corporate strategy,Emissions reduction target,2025.0,Carbon dioxide and other GHGs,Yes,Yes,No,Annual reporting,No,Not Specified,No,No,No,Yes,Materials,24.592485720070123,11.282266241614355,Partial
USA,North America,No,Emissions reduction target,2030.0,In corporate strategy,Emissions reduction target,2025.0,Not Specified,Yes,Yes,Yes,Annual reporting,Yes,No,Yes,Not Specified,Yes,No,Services,22.801581745463878,6.530877627725885,Yes
USA,North America,No,Net zero,2040.0,Declaration / pledge,Emissions reduction target,2030.0,Carbon dioxide only,Yes,Yes,No,Annual reporting,Yes,Yes,No,Not Specified,No,Yes,Infrastructure,23.502395619791667,10.839600519357369,Yes
USA,North America,No,Net zero,2050.0,In corporate strategy,Emissions reduction target,2035.0,Carbon dioxide and other GHGs,Yes,Yes,Yes,Annual reporting,Yes,No,No,Not Specified,No,Yes,Transportation services,24.779164052799867,11.583393248239855,Partial
CHN,East Asia,No,No target,2050.0,In corporate strategy,No target,2030.0,Carbon dioxide and other GHGs,Yes,Yes,No,Annual reporting,Not Specified,Not Specified,No,Not Specified,No,No,Infrastructure,24.28215049447263,10.034296492647542,Not Specified
USA,North America,No,Zero emissions,2050.0,In corporate strategy,No target,2030.0,Carbon dioxide and other GHGs,Yes,Yes,Yes,Annual reporting,Yes,Not Specified,No,Yes (unspecified),No,No,Manufacturing,24.595507972383523,11.235866764155578,Partial
SWE,Europe,No,Net zero,2050.0,In corporate strategy,Emissions reduction target,2030.0,Carbon dioxide and other GHGs,Yes,Yes,Yes,Annual reporting,Not Specified,Not Specified,No,Not Specified,No,Yes,Materials,9.524493961633755,10.491301994830229,Yes
JPN,East Asia,No,Climate neutral,2050.0,In corporate strategy,Emissions reduction target,2030.0,Carbon dioxide and other GHGs,Yes,Yes,Yes,Annual reporting,Not Specified,Yes,No,Not Specified,No,No,Manufacturing,24.1671075516928,10.537256209576572,Partial
USA,North America,No,No target,2050.0,In corporate strategy,No target,2030.0,Not Specified,Not Specified,Not Specified,No,Annual reporting,No,Not Specified,No,No,No,No,Services,8.153637486385282,8.528528701079983,Not Specified
USA,North America,No,Net zero,2050.0,In corporate strategy,Emissions reduction target,2030.0,Carbon dioxide and other GHGs,Yes,Yes,Yes,Annual reporting,Not Specified,Yes,No,Not Specified,No,No,Power generation,23.860020128255712,9.904237271426673,Yes
CHN,East Asia,No,No target,2025.0,Proposed / in discussion,No target,2023.0,Not Specified,Yes,Yes,Yes,Annual reporting,Yes,No,No,Not Specified,No,No,Manufacturing,22.645415032011243,10.141086124819923,Not Specified
IRL,Europe,No,Net zero,2050.0,In corporate strategy,Emissions reduction target,2030.0,Carbon dioxide and other GHGs,Yes,Yes,Yes,Annual reporting,Yes,Yes,Yes,"Yes (nature-based removals e.g. Forestation, soil carbon enhancement)",No,No,Manufacturing,23.71086512732062,10.714439990727769,No
CHN,East Asia,No,Carbon neutral(ity),2060.0,In corporate strategy,Net zero or similar,2030.0,Carbon dioxide and other GHGs,Yes,Yes,Yes,Annual reporting,Yes,Yes,No,"Yes (CCS-based removals e.g. BECCS, DACCS)",Yes,No,Services,25.89968671920217,12.653185007538378,Partial
DEU,Europe,No,Net zero,2045.0,In corporate strategy,Emissions reduction target,2025.0,Carbon dioxide only,Yes,Yes,Yes,Annual reporting,Not Specified,No,No,Not Specified,No,Yes,Materials,23.8738199936346,10.76111049674444,Yes
CHN,East Asia,No,Other,2050.0,Declaration / pledge,No target,2030.0,Not Specified,Not Specified,Not Specified,No,No reporting mechanism,Not Specified,Not Specified,No,Not Specified,No,No,Services,22.54166723728317,8.70167907103957,Not Specified
USA,North America,No,Net zero,2045.0,In corporate strategy,Emissions reduction target,2030.0,Carbon dioxide and other GHGs,Yes,Yes,Yes,Annual reporting,Not Specified,Not Specified,No,"Yes (nature-based removals e.g. Forestation, soil carbon enhancement)",No,Yes,"Biotech, health care & pharma",25.29079645911593,11.936237039973754,Yes
HKG,East Asia,No,Carbon neutral(ity),2050.0,In corporate strategy,Other,2035.0,Not Specified,Yes,Yes,Yes,Annual reporting,Not Specified,Not Specified,No,Not Specified,No,No,Services,21.59873457471698,9.392745258631441,Yes
USA,North America,No,Emissions intensity target,2035.0,In corporate strategy,No target,2030.0,Not Specified,Yes,Yes,No,Annual reporting,Not Specified,Yes,No,Not Specified,No,No,Manufacturing,21.895438329032242,9.082620630373812,No
USA,North America,Yes,No target,2050.0,In corporate strategy,Emissions reduction target,2030.0,Carbon dioxide and other GHGs,Yes,Yes,No,Annual reporting,Not Specified,Not Specified,No,Not Specified,No,No,"Food, beverage & agriculture",23.19980423714793,10.690102307253893,Not Specified
USA,North America,No,Net zero,2035.0,In corporate strategy,Emissions reduction target,2030.0,Carbon dioxide and other GHGs,Yes,Yes,No,Annual reporting,Not Specified,Not Specified,No,"Yes (CCS-based removals e.g. BECCS, DACCS)",No,No,Manufacturing,24.32876368214847,11.407576060361786,No
JPN,East Asia,No,No target,2050.0,In corporate strategy,No target,2030.0,Carbon dioxide and other GHGs,Not Specified,Not Specified,No,Annual reporting,Not Specified,Not Specified,No,Not Specified,No,No,Manufacturing,22.820178859661088,8.952217101765946,Not Specified
JPN,East Asia,No,Carbon neutral(ity),2050.0,In corporate strategy,No target,2030.0,Not Specified,Not Specified,Not Specified,No,Less than annual reporting,Not Specified,Not Specified,No,No,No,No,Services,20.818576017659826,8.154500175151941,Not Specified
NOR,Europe,No,Net zero,2045.0,In corporate strategy,Emissions reduction target,2025.0,Carbon dioxide and other GHGs,Yes,Yes,Yes,Annual reporting,Yes,Yes,No,Not Specified,No,Yes,Services,8.913684824725294,9.305741456739435,Partial
USA,North America,No,Emissions intensity target,2030.0,In corporate strategy,Absolute emissions target,2030.0,Carbon dioxide and other GHGs,Yes,Yes,Yes,Annual reporting,Yes,Yes,No,Not Specified,No,Yes,Materials,23.5510527197101,9.99884318585288,Yes
USA,North America,No,Net zero,2023.0,In corporate strategy,No target,2030.0,Carbon dioxide and other GHGs,Yes,Yes,No,Annual reporting,Not Specified,Yes,No,"Yes (CCS-based removals e.g. BECCS, DACCS)",No,No,Infrastructure,23.55647918106145,10.8846292567299,No
USA,North America,No,Emissions reduction target,2030.0,In corporate strategy,Other,2028.0,Not Specified,Yes,Yes,Yes,Annual reporting,Yes,No,No,Not Specified,No,No,Services,23.924954810432485,9.525224101853109,Yes
JPN,East Asia,No,Carbon neutral(ity),2050.0,In corporate strategy,Emissions reduction target,2031.0,Carbon dioxide only,Yes,Yes,Yes,Annual reporting,No,No,No,No,No,No,Manufacturing,24.192620185299987,11.681486106514146,Yes
JPN,East Asia,No,Net zero,2050.0,In corporate strategy,Emissions reduction target,2030.0,Carbon dioxide only,Yes,Yes,No,Annual reporting,Yes,Yes,No,Not Specified,No,No,Services,24.62118991801534,10.645353466142934,Yes
CAN,North America,No,Net zero,2050.0,Declaration / pledge,Net zero or similar,2025.0,Carbon dioxide and other GHGs,Yes,Yes,Yes,Annual reporting,Not Specified,Yes,No,Not Specified,No,No,Fossil Fuels,22.862037044820042,8.881975184248867,Yes
JPN,East Asia,No,Net zero,2051.0,In corporate strategy,Emissions reduction target,2025.0,Not Specified,Yes,Yes,Yes,Annual reporting,Not Specified,Not Specified,No,Not Specified,No,No,"Biotech, health care & pharma",23.93410949015767,9.399058096275375,No
JPN,East Asia,No,Net zero,2040.0,In corporate strategy,Emissions reduction target,2030.0,Carbon dioxide and other GHGs,Yes,Yes,No,No reporting mechanism,Not Specified,Not Specified,No,No,Yes,No,Retail,22.390972657693165,10.529773516588858,No
USA,North America,No,Emissions reduction target,2030.0,In corporate strategy,No target,2025.0,Carbon dioxide and other GHGs,Yes,Yes,Yes,Annual reporting,Not Specified,No,No,Not Specified,No,No,Services,10.42088155718015,10.890926165528413,No
JPN,East Asia,No,Net zero,2050.0,In corporate strategy,Emissions reduction target,2030.0,Carbon dioxide and other GHGs,Yes,Yes,Yes,Annual reporting,Not Specified,Not Specified,No,"Yes (CCS-based removals e.g. BECCS, DACCS)",No,No,Power generation,23.881627033991116,10.253263754783704,Not Specified
USA,North America,Yes,No target,2050.0,In corporate strategy,Emissions reduction target,2030.0,Not Specified,Not Specified,Not Specified,No,No reporting mechanism,Not Specified,Not Specified,No,Not Specified,No,No,Fossil Fuels,23.74855691279049,9.635804166591036,Not Specified
USA,North America,No,Absolute emissions target,2030.0,In corporate strategy,No target,2030.0,Carbon dioxide and other GHGs,Yes,Yes,No,No reporting mechanism,Yes,Not Specified,No,Not Specified,No,No,Retail,22.05826690394191,9.012011377036412,Partial
USA,North America,No,Carbon neutral(ity),2050.0,In corporate strategy,Emissions reduction target,2030.0,Carbon dioxide and other GHGs,Yes,Yes,Yes,Annual reporting,Yes,Not Specified,No,Yes (unspecified),No,No,Materials,24.475824067746988,10.491301994830229,Yes
AUS,Oceania,No,Net zero,2050.0,In corporate strategy,Emissions reduction target,2030.0,Carbon dioxide and other GHGs,Yes,Yes,Yes,Annual reporting,Yes,Not Specified,No,Not Specified,No,No,"Food, beverage & agriculture",24.10300121534329,11.652696102959753,Partial
AUS,Oceania,No,Net zero,2040.0,In corporate strategy,Emissions reduction target,2030.0,Carbon dioxide and other GHGs,Yes,Yes,Yes,Annual reporting,Not Specified,Yes,No,Not Specified,No,Yes,Services,21.31714501639987,8.445267451844648,Yes
CHN,East Asia,No,Net zero,2050.0,Declaration / pledge,Other,2023.0,Not Specified,Not Specified,Not Specified,Yes,No reporting mechanism,Not Specified,Not Specified,No,Yes (unspecified),No,No,Materials,22.94842978307992,10.136977395904482,Not Specified
CHN,East Asia,No,Carbon neutral(ity),2035.0,In corporate strategy,Emissions reduction target,2025.0,Carbon dioxide only,Yes,Yes,No,Annual reporting,Not Specified,Yes,No,Not Specified,No,No,Services,24.759257154172616,11.13775190029194,Yes
HKG,East Asia,No,Carbon neutral(ity),2030.0,In corporate strategy,No target,2030.0,Carbon dioxide and other GHGs,Yes,Yes,Yes,Annual reporting,Yes,Not Specified,Yes,No,No,No,"Food, beverage & agriculture",23.347934429182033,11.896035892061596,Partial
JPN,East Asia,No,Carbon neutral(ity),2030.0,Declaration / pledge,Emissions reduction target,2024.0,Carbon dioxide and other GHGs,Yes,Yes,Yes,Less than annual reporting,Not Specified,Not Specified,No,No,No,No,Services,21.545245889788884,8.67008593751938,Not Specified
FRA,Europe,No,Net zero,2050.0,In corporate strategy,Emissions reduction target,2030.0,Carbon dioxide and other GHGs,Yes,Yes,Yes,Annual reporting,Not Specified,Yes,No,Yes (unspecified),No,Yes,Services,22.624328041214326,9.31325790598287,Yes
USA,North America,No,Net zero,2040.0,In corporate strategy,Emissions reduction target,2030.0,Not Specified,Yes,Yes,Yes,Annual reporting,Not Specified,Yes,No,Not Specified,No,Yes,Services,21.193269466817146,8.130647968160584,Yes
THA,East Asia,No,Carbon neutral(ity),2050.0,In corporate strategy,Emissions reduction target,2025.0,Carbon dioxide and other GHGs,Not Specified,Not Specified,Yes,Annual reporting,Not Specified,Yes,No,Yes (nature-based and CCS-based removals),No,No,Materials,23.15687919243458,10.432644132986843,Not Specified
CHN,East Asia,No,Net zero,2050.0,In corporate strategy,Emissions reduction target,2030.0,Carbon dioxide and other GHGs,Yes,Yes,Yes,Annual reporting,Yes,Not Specified,No,Not Specified,No,No,Retail,24.033261255218612,11.503894811084523,Not Specified
USA,North America,No,Net zero,2040.0,In corporate strategy,Emissions reduction target,2025.0,Not Specified,Yes,Yes,No,Annual reporting,Yes,Not Specified,No,Not Specified,No,Yes,Services,24.182386154972974,10.102379394048045,Partial
GBR,Europe,No,Net zero,2050.0,In corporate strategy,Emissions reduction target,2030.0,Carbon dioxide and other GHGs,Yes,Yes,Yes,Annual reporting,Not Specified,Not Specified,No,No,No,Yes,Services,23.434510929011594,10.202814064582626,Yes
TUR,Western and Central Asia,No,Net zero,2050.0,Proposed / in discussion,Emissions reduction target,2035.0,Carbon dioxide and other GHGs,Yes,Yes,Yes,Annual reporting,Not Specified,Not Specified,No,Not Specified,No,No,Services,23.591164739047336,9.931151356518601,Yes
KOR,East Asia,No,Carbon neutral(ity),2040.0,In corporate strategy,Emissions reduction target,2030.0,Carbon dioxide and other GHGs,Yes,Yes,Yes,Annual reporting,Yes,Not Specified,No,Not Specified,Yes,No,Services,21.4887336795511,8.348774539791274,Yes
USA,North America,No,Carbon neutral(ity),2045.0,In corporate strategy,Emissions reduction target,2025.0,Not Specified,Yes,Yes,Yes,Annual reporting,Not Specified,Not Specified,No,Not Specified,No,No,Retail,23.992834776168152,12.206077645517674,Not Specified
QAT,Western and Central Asia,No,No target,2050.0,In corporate strategy,No target,2030.0,Not Specified,Not Specified,Not Specified,No,Annual reporting,Not Specified,Not Specified,No,Not Specified,No,No,Services,21.12873094572124,7.07326971745971,Not Specified
USA,North America,No,Emissions reduction target,2030.0,In corporate strategy,No target,2030.0,Carbon dioxide and other GHGs,Yes,Yes,Yes,Annual reporting,Yes,Not Specified,No,No,No,No,Manufacturing,23.074641094205127,10.292179440058462,No
SAU,Western and Central Asia,No,Net zero,2050.0,In corporate strategy,Emissions intensity target,2030.0,Carbon dioxide and other GHGs,Yes,Yes,Yes,Annual reporting,Yes,Yes,No,Yes (nature-based and CCS-based removals),No,No,Fossil Fuels,26.897356061267796,11.22682880175946,No
KOR,East Asia,No,Net zero,2050.0,In corporate strategy,Other,2030.0,Carbon dioxide and other GHGs,Yes,Yes,No,Annual reporting,Not Specified,No,No,No,No,No,Services,23.51841074496066,8.549466751966532,Partial
USA,North America,No,No target,2045.0,In corporate strategy,No target,2030.0,Not Specified,Not Specified,Not Specified,No,Annual reporting,Not Specified,Not Specified,No,Not Specified,No,No,"Biotech, health care & pharma",23.7517072849585,11.49273296168228,Not Specified
IND,South Asia,No,Net zero,2050.0,In corporate strategy,No target,2030.0,Carbon dioxide and other GHGs,Yes,Yes,No,Annual reporting,Not Specified,No,No,Not Specified,No,No,Infrastructure,23.12116110983569,10.591848296362112,Yes
USA,North America,No,Emissions reduction target,2030.0,In corporate strategy,No target,2030.0,Carbon dioxide and other GHGs,Yes,Yes,Yes,Annual reporting,Yes,No,No,Not Specified,No,Yes,Services,22.449597501029945,8.294299608857235,Yes
BEL,Europe,No,Net zero,2050.0,Proposed / in discussion,Net zero or similar,2024.0,Not Specified,Yes,Yes,No,No reporting mechanism,No,Not Specified,Yes,No,No,No,Services,23.31874439951738,9.729015110685573,Yes
RUS,Europe,No,Carbon neutral(ity),2030.0,In corporate strategy,No target,2030.0,Carbon dioxide and other GHGs,Yes,Yes,Yes,Annual reporting,Not Specified,Not Specified,No,Yes (unspecified),No,No,Materials,22.004199682686252,10.432644132986843,Not Specified
GBR,Europe,No,Net zero,2040.0,In corporate strategy,Emissions reduction target,2026.0,Carbon dioxide and other GHGs,Yes,Yes,Yes,Annual reporting,Yes,No,No,Yes (nature-based and CCS-based removals),No,Yes,Retail,23.295878067229854,11.273957363309048,Yes
USA,North America,No,Net zero,2040.0,In corporate strategy,Absolute emissions target,2030.0,Carbon dioxide and other GHGs,Yes,Yes,Yes,Annual reporting,Yes,Not Specified,No,Not Specified,No,No,Materials,23.165612872402573,9.814710982145282,Yes
KOR,East Asia,No,Net zero,2045.0,In corporate strategy,Emissions reduction target,2030.0,Not Specified,Yes,Yes,Yes,Annual reporting,Not Specified,Not Specified,No,"Yes (CCS-based removals e.g. BECCS, DACCS)",No,No,Transportation services,23.759708098796196,7.80057265467065,Yes
IDN,East Asia,No,No target,2050.0,In corporate strategy,No target,2030.0,Not Specified,Yes,Yes,No,Annual reporting,Not Specified,Not Specified,No,Not Specified,No,No,"Food, beverage & agriculture",8.971194463184467,10.339837444225314,No
USA,North America,No,Net zero,2030.0,In corporate strategy,No target,2030.0,Carbon dioxide and other GHGs,Yes,Yes,Yes,Annual reporting,Yes,Yes,Yes,Yes (nature-based and CCS-based removals),No,Yes,Services,25.826176407157917,11.212738869157706,Yes
DEU,Europe,No,Net zero,2050.0,In corporate strategy,Emissions reduction target,2033.0,Carbon dioxide and other GHGs,Yes,Yes,No,Annual reporting,Yes,Not Specified,No,Yes (unspecified),No,No,Retail,23.16003211149392,9.668144893764921,Yes
JPN,East Asia,No,Net zero,2050.0,In corporate strategy,Emissions reduction target,2030.0,Carbon dioxide and other GHGs,Yes,Yes,Yes,Annual reporting,Yes,Not Specified,No,Not Specified,No,No,Manufacturing,23.809752473814527,10.899642514619202,Partial
IND,South Asia,No,Emissions intensity target,2030.0,In corporate strategy,Emissions intensity target,2025.0,Carbon dioxide and other GHGs,Yes,Yes,Yes,Annual reporting,Yes,Not Specified,No,Not Specified,No,No,Materials,8.318254328798846,10.331105465285425,No
HKG,East Asia,No,Emissions reduction target,2030.0,In corporate strategy,No target,2030.0,Not Specified,Yes,Yes,Yes,Annual reporting,Not Specified,Not Specified,No,Not Specified,No,No,Materials,24.07887076633945,11.539479758191474,No
JPN,East Asia,No,Carbon neutral(ity),2050.0,In corporate strategy,Emissions reduction target,2031.0,Carbon dioxide only,Yes,Yes,Yes,Annual reporting,Not Specified,Yes,No,Not Specified,No,No,Materials,22.92403966390449,11.321982853444007,Not Specified
KOR,East Asia,No,Emissions reduction target,2030.0,In corporate strategy,No target,2030.0,Carbon dioxide only,Yes,Yes,Yes,Annual reporting,Yes,Not Specified,No,Not Specified,No,No,Services,23.295878067229854,8.443977129084978,Yes
POL,Europe,No,Net zero,2050.0,In corporate strategy,Net zero or similar,2027.0,Not Specified,Yes,Yes,No,No reporting mechanism,Not Specified,Not Specified,No,Not Specified,Yes,No,Services,23.047416707952884,10.152610692809285,Yes
USA,North America,No,Emissions intensity target,2030.0,In corporate strategy,No target,2030.0,Carbon dioxide and other GHGs,Yes,Yes,Yes,Annual reporting,Yes,Not Specified,No,Not Specified,No,No,Fossil Fuels,22.155727879150028,6.539585955617669,No
USA,North America,No,Carbon neutral(ity),2030.0,In corporate strategy,Emissions reduction target,2030.0,Carbon dioxide and other GHGs,Yes,Yes,Yes,Annual reporting,No,Not Specified,No,Yes (nature-based and CCS-based removals),No,No,Services,22.390972657693165,8.296297112642508,No
GBR,Europe,No,Emissions intensity target,2026.0,In corporate strategy,No target,2030.0,Not Specified,Yes,Yes,Yes,Annual reporting,Not Specified,Not Specified,No,Not Specified,No,No,Services,24.12482981810276,10.491301994830229,Partial
CHE,Europe,No,Science-based target,2032.0,Achieved (externally validated),Emissions reduction target,2030.0,Carbon dioxide and other GHGs,Yes,Yes,Yes,Annual reporting,Yes,No,No,Not Specified,No,No,Retail,23.49747824036469,11.373674891823535,Yes
USA,North America,No,Net zero,2050.0,In corporate strategy,Emissions reduction target,2030.0,Carbon dioxide and other GHGs,Yes,Yes,Yes,Annual reporting,No,Yes,No,Not Specified,No,No,Services,8.963672275615016,9.122928914965213,Yes
USA,North America,No,Emissions reduction target,2030.0,In corporate strategy,Emissions reduction target,2025.0,Carbon dioxide and other GHGs,Yes,Yes,Yes,Annual reporting,Yes,Not Specified,No,Not Specified,No,No,Services,23.753544454301288,10.545367754151743,Partial
USA,North America,No,Carbon neutral(ity),2050.0,Achieved (self-declared),No target,2030.0,Not Specified,Yes,Yes,No,Annual reporting,Not Specified,Yes,No,Not Specified,No,No,Services,20.985630102183134,5.6937321388027,Partial
GBR,Europe,No,Net zero,2050.0,In corporate strategy,Emissions reduction target,2030.0,Carbon dioxide and other GHGs,Yes,Yes,Yes,Annual reporting,Yes,No,No,Not Specified,No,Yes,Manufacturing,10.092577816525454,10.650459819790981,Yes
JPN,East Asia,No,Carbon neutral(ity),2050.0,In corporate strategy,Emissions reduction target,2030.0,Carbon dioxide only,Yes,Yes,Yes,Annual reporting,Not Specified,Not Specified,No,No,No,No,Infrastructure,22.722852153512175,8.897819009510757,Yes
USA,North America,No,Net zero,2050.0,In corporate strategy,Emissions reduction target,2030.0,Carbon dioxide and other GHGs,Yes,Yes,No,Annual reporting,Not Specified,Yes,No,"Yes (nature-based removals e.g. Forestation, soil carbon enhancement)",No,No,Services,9.978826909081944,10.870984575013114,Partial
BMU,Latin America and the Caribbean,No,Net zero,2030.0,In corporate strategy,No target,2030.0,Carbon dioxide only,Yes,Yes,Yes,Annual reporting,Not Specified,Yes,No,Not Specified,No,No,Services,23.54820978957943,8.881975184248867,No
USA,North America,No,Net zero,2040.0,In corporate strategy,Emissions reduction target,2030.0,Carbon dioxide and other GHGs,Yes,Yes,Yes,Annual reporting,Yes,Yes,No,No,No,Yes,Services,24.50695534584573,10.344995251991222,Partial
USA,North America,No,Emissions reduction target,2031.0,In corporate strategy,Emissions reduction target,2026.0,Not Specified,Yes,Yes,Yes,Annual reporting,Yes,Yes,No,Not Specified,No,No,Retail,24.356764707733966,12.04355959836804,No
TWN,East Asia,No,Net zero,2040.0,Declaration / pledge,Emissions reduction target,2030.0,Carbon dioxide and other GHGs,Yes,Yes,No,Annual reporting,Not Specified,Not Specified,No,Not Specified,No,No,Services,20.9055873945737,8.591929537530255,Yes
USA,North America,No,Emissions reduction target,2033.0,Declaration / pledge,No target,2030.0,Carbon dioxide and other GHGs,Yes,Yes,No,Annual reporting,Yes,Not Specified,No,Not Specified,No,No,Services,23.296488567859267,10.12667110305036,Partial
GBR,Europe,No,Net zero,2050.0,In corporate strategy,Emissions reduction target,2030.0,Not Specified,Yes,Yes,Yes,Annual reporting,Yes,Not Specified,No,"Yes (nature-based removals e.g. Forestation, soil carbon enhancement)",Yes,Yes,"Food, beverage & agriculture",24.456305706869923,11.986055452062393,Yes
JPN,East Asia,No,Net zero,2030.0,In corporate strategy,Absolute emissions target,2026.0,Carbon dioxide and other GHGs,Yes,Yes,Yes,Annual reporting,Yes,Yes,No,No,No,Yes,Services,25.147549436090525,11.88733324861305,Not Specified
CAN,North America,No,Emissions intensity target,2030.0,In corporate strategy,No target,2030.0,Carbon dioxide and other GHGs,Yes,Yes,Yes,Annual reporting,Not Specified,Not Specified,No,No,No,No,Retail,22.07445102121167,10.12667110305036,No
USA,North America,No,No target,2050.0,In corporate strategy,No target,2030.0,Not Specified,Not Specified,Not Specified,Yes,No reporting mechanism,Not Specified,Not Specified,No,Not Specified,No,No,Services,22.194131099746297,8.422003004412488,Not Specified
KOR,East Asia,No,Net zero,2040.0,Declaration / pledge,Emissions reduction target,2030.0,Carbon dioxide and other GHGs,Yes,Yes,Yes,Annual reporting,Yes,Not Specified,No,Not Specified,No,No,Retail,23.206253980995275,9.939047727934678,Yes
KOR,East Asia,No,Net zero,2050.0,In corporate strategy,No target,2030.0,Carbon dioxide only,Yes,Yes,Yes,Annual reporting,Yes,Yes,No,Yes (nature-based and CCS-based removals),No,No,Retail,26.119757459736135,11.771289431210851,No
USA,North America,No,Emissions reduction target,2030.0,In corporate strategy,No target,2030.0,Carbon dioxide and other GHGs,Yes,Yes,Yes,Annual reporting,Yes,Not Specified,No,Not Specified,No,No,Retail,26.29954064462479,12.715900771961074,Partial
CAN,North America,No,Other,2020.0,In corporate strategy,No target,2030.0,Carbon dioxide and other GHGs,Not Specified,Not Specified,No,Annual reporting,Yes,Not Specified,No,Not Specified,No,No,Services,24.505180157050315,10.328787967145063,Not Specified
USA,North America,No,Emissions reduction target,2032.0,Declaration / pledge,No target,2030.0,Carbon dioxide and other GHGs,Yes,Yes,Yes,Annual reporting,Not Specified,Not Specified,No,Not Specified,No,No,"Biotech, health care & pharma",25.49192298374724,11.092564969345363,Yes
USA,North America,No,Net zero,2050.0,In corporate strategy,No target,2030.0,Carbon dioxide and other GHGs,Not Specified,Not Specified,No,No reporting mechanism,Not Specified,Not Specified,No,No,No,Yes,Services,22.533519888974244,9.635673464721814,Not Specified
GBR,Europe,No,Net zero,2050.0,In corporate strategy,Emissions reduction target,2030.0,Not Specified,Yes,Yes,No,Annual reporting,Not Specified,Yes,No,No,No,No,Services,10.532736007245841,10.997104049659168,Partial
GBR,Europe,No,Net zero,2050.0,In corporate strategy,Net zero or similar,2030.0,Carbon dioxide and other GHGs,Yes,Yes,Yes,Annual reporting,Yes,Yes,No,Not Specified,No,Yes,Services,24.25785710180827,11.022376212475168,Yes
USA,North America,No,No target,2050.0,In corporate strategy,No target,2030.0,Not Specified,Not Specified,Not Specified,No,Annual reporting,Not Specified,Not Specified,No,Not Specified,No,No,Services,21.311607903695478,8.27308133366583,Not Specified
USA,North America,Yes,Net zero,2050.0,In corporate strategy,Other,2030.0,Carbon dioxide and other GHGs,Yes,Yes,Yes,Annual reporting,No,Not Specified,No,Not Specified,Yes,No,Services,23.318520543977904,9.754784507365798,Partial
RUS,Europe,No,Other,2031.0,In corporate strategy,No target,2030.0,Carbon dioxide and other GHGs,Yes,Yes,Yes,Annual reporting,Yes,Not Specified,No,"Yes (nature-based removals e.g. Forestation, soil carbon enhancement)",No,No,Materials,23.603250502012223,11.326668173322627,No
CHN,East Asia,No,Carbon neutral(ity),2060.0,Declaration / pledge,Other,2030.0,Carbon dioxide and other GHGs,Yes,Yes,Yes,Annual reporting,Yes,Not Specified,No,Yes (unspecified),No,No,Manufacturing,24.21673849474813,12.018030758801313,Yes
FRA,Europe,No,Net zero,2050.0,In corporate strategy,Emissions intensity target,2030.0,Carbon dioxide only,Yes,Yes,Yes,Less than annual reporting,Not Specified,Yes,No,Yes (unspecified),No,No,Transportation services,24.25050832548861,11.397626840606765,Yes
USA,North America,No,Emissions reduction target,2030.0,In corporate strategy,Emissions reduction target,2030.0,Carbon dioxide and other GHGs,Yes,Yes,Yes,Annual reporting,Yes,Not Specified,No,No,No,Yes,Hospitality,22.744680941236368,10.596659732783579,Partial
THA,East Asia,No,Net zero,2050.0,In corporate strategy,Emissions intensity target,2023.0,Not Specified,Not Specified,Not Specified,Yes,Annual reporting,Not Specified,Not Specified,No,Not Specified,No,No,Services,22.388895029219327,8.80956425335415,Not Specified
USA,North America,No,Carbon neutral(ity),2030.0,In corporate strategy,No target,2030.0,Carbon dioxide and other GHGs,Yes,Yes,No,Annual reporting,No,Not Specified,No,"Yes (nature-based removals e.g. Forestation, soil carbon enhancement)",No,No,Services,24.5735198159982,10.434145214930487,No
USA,North America,No,Zero emissions,2028.0,In corporate strategy,Emissions reduction target,2024.0,Carbon dioxide only,Yes,Yes,Yes,Annual reporting,Yes,No,Yes,No,No,No,Services,21.182587618476997,5.318119993844216,Partial
COL,Latin America and the Caribbean,No,Net zero,2050.0,In corporate strategy,Other,2030.0,Carbon dioxide and other GHGs,Yes,Yes,Yes,Annual reporting,Not Specified,Yes,No,"Yes (nature-based removals e.g. Forestation, soil carbon enhancement)",No,No,Services,22.439403368219327,9.76180877420419,Yes
DEU,Europe,No,Carbon neutral(ity),2050.0,In corporate strategy,Emissions reduction target,2030.0,Carbon dioxide and other GHGs,Yes,Yes,Yes,Annual reporting,Yes,Yes,No,"Yes (CCS-based removals e.g. BECCS, DACCS)",No,No,Transportation services,24.428289272908252,11.529880905619642,Yes
USA,North America,No,Emissions reduction target,2028.0,In corporate strategy,No target,2030.0,Carbon dioxide and other GHGs,Yes,Yes,Yes,Annual reporting,Yes,No,No,"Yes (nature-based removals e.g. Forestation, soil carbon enhancement)",No,No,"Food, beverage & agriculture",23.04643756364681,9.268703615273097,No
JPN,East Asia,No,Climate neutral,2050.0,In corporate strategy,Emissions reduction target,2030.0,Not Specified,Yes,Yes,Yes,Annual reporting,Not Specified,Yes,No,"Yes (CCS-based removals e.g. BECCS, DACCS)",No,No,Materials,23.6198957495124,10.548153271273168,Not Specified
PHL,East Asia,No,Emissions reduction target,2040.0,In corporate strategy,No target,2030.0,Carbon dioxide only,Yes,Yes,Yes,Annual reporting,Not Specified,Not Specified,No,Not Specified,No,No,Retail,23.07996025568222,11.367414025869872,Yes
USA,North America,No,Net zero,2040.0,In corporate strategy,Emissions reduction target,2025.0,Not Specified,Yes,Yes,Yes,Annual reporting,Not Specified,Not Specified,No,Not Specified,No,No,Manufacturing,23.139268897065293,10.668978650219241,Yes
GBR,Europe,No,Net zero,2045.0,In corporate strategy,Emissions intensity target,2025.0,Carbon dioxide and other GHGs,Yes,Yes,Yes,Annual reporting,No,Yes,No,Not Specified,No,Yes,Infrastructure,22.428013929366653,8.719807451477955,Yes
JPN,East Asia,No,Net zero,2060.0,In corporate strategy,Emissions reduction target,2030.0,Carbon dioxide only,Yes,Yes,No,Annual reporting,Yes,Not Specified,No,No,No,No,Materials,23.104384807687012,10.56004854652803,Partial
USA,North America,No,Emissions reduction target,2030.0,In corporate strategy,No target,2030.0,Carbon dioxide and other GHGs,Yes,Yes,Yes,Annual reporting,Not Specified,Not Specified,No,"Yes (nature-based removals e.g. Forestation, soil carbon enhancement)",No,No,"Food, beverage & agriculture",9.649820358671624,10.288783966353765,Partial
TWN,East Asia,No,Net zero,2050.0,In corporate strategy,Emissions reduction target,2030.0,Carbon dioxide and other GHGs,Yes,Yes,Yes,Annual reporting,Not Specified,Yes,No,Yes (nature-based and CCS-based removals),No,No,Retail,24.209692453000013,11.326065625733266,Yes
CAN,North America,No,Science-based target,2030.0,In corporate strategy,Other,2025.0,Carbon dioxide and other GHGs,Yes,Yes,Yes,Annual reporting,Yes,Yes,No,Not Specified,No,Yes,Services,23.60341889470437,10.606362266854584,Partial
CHN,East Asia,Yes,Emissions reduction target,2025.0,In corporate strategy,Emissions reduction target,2025.0,Carbon dioxide only,Not Specified,Yes,Yes,Annual reporting,Yes,No,No,No,No,No,Infrastructure,24.179582517861192,9.463198053273784,Not Specified
CHN,East Asia,No,Carbon neutral(ity),2050.0,In corporate strategy,Emissions reduction target,2030.0,Not Specified,Yes,Yes,No,Annual reporting,Yes,Not Specified,No,Not Specified,No,No,Materials,23.009924779491804,11.095908894882296,Yes
CHN,East Asia,No,Carbon neutral(ity),2060.0,In corporate strategy,Emissions reduction target,2030.0,Carbon dioxide only,Yes,Yes,Yes,Annual reporting,Yes,Not Specified,No,"Yes (nature-based removals e.g. Forestation, soil carbon enhancement)",No,No,Infrastructure,25.71895668366361,12.483878609374248,No
AUT,Europe,No,Net zero,2050.0,In corporate strategy,Emissions reduction target,2025.0,Carbon dioxide and other GHGs,Yes,Yes,Yes,Annual reporting,Yes,Not Specified,No,Not Specified,No,Yes,Services,23.94744756064458,10.80151247560339,Partial
GBR,Europe,No,Net zero,2045.0,In corporate strategy,Emissions reduction target,2026.0,Carbon dioxide and other GHGs,Yes,Yes,Yes,Annual reporting,Not Specified,Not Specified,Yes,Yes (nature-based and CCS-based removals),No,Yes,"Biotech, health care & pharma",24.647217413259593,11.16479958768697,Yes
HKG,East Asia,No,Carbon neutral(ity),2050.0,In corporate strategy,Emissions intensity target,2030.0,Carbon dioxide and other GHGs,Yes,Yes,Yes,Annual reporting,Yes,No,No,"Yes (CCS-based removals e.g. BECCS, DACCS)",No,No,Infrastructure,22.73816885762201,10.839600519357369,Yes
JPN,East Asia,No,Net zero,2050.0,Declaration / pledge,Other,2030.0,Carbon dioxide only,Yes,Yes,Yes,Annual reporting,No,Not Specified,No,"Yes (CCS-based removals e.g. BECCS, DACCS)",No,No,Fossil Fuels,9.496646498248033,9.959867885972235,Yes
ITA,Europe,No,Net zero,2050.0,In corporate strategy,Emissions reduction target,2030.0,Carbon dioxide and other GHGs,Yes,Yes,Yes,Less than annual reporting,Yes,Yes,Yes,"Yes (CCS-based removals e.g. BECCS, DACCS)",No,No,Fossil Fuels,22.06821723479247,8.250358951477294,Yes
IND,South Asia,No,Net zero,2040.0,Declaration / pledge,No target,2030.0,Carbon dioxide and other GHGs,Yes,Yes,Yes,Annual reporting,Not Specified,Not Specified,No,Yes (unspecified),No,No,Fossil Fuels,24.698357533860317,10.444502847465177,No
USA,North America,No,Net zero,2040.0,In corporate strategy,Emissions reduction target,2025.0,Carbon dioxide and other GHGs,Yes,Yes,Yes,Annual reporting,Not Specified,Not Specified,Yes,Not Specified,No,Yes,Retail,24.715503842915595,11.412010608265987,Yes
JPN,East Asia,No,Net zero,2040.0,In corporate strategy,Emissions reduction target,2025.0,Not Specified,Yes,Yes,No,Annual reporting,Not Specified,Not Specified,Yes,Yes (nature-based and CCS-based removals),No,Yes,Retail,24.033954825123555,11.746985217168598,Yes
USA,North America,No,Net zero,2050.0,Declaration / pledge,Emissions reduction target,2033.0,Carbon dioxide and other GHGs,Yes,Yes,No,Annual reporting,Not Specified,Yes,No,Not Specified,No,No,Manufacturing,23.098729575446,9.825580063659602,Yes
JPN,East Asia,No,Net zero,2040.0,In corporate strategy,Emissions reduction target,2031.0,Carbon dioxide and other GHGs,Yes,Yes,Yes,No reporting mechanism,Yes,Not Specified,No,Not Specified,No,No,Retail,22.649119040800915,10.359582401595615,Yes
FRA,Europe,No,Net zero,2050.0,In corporate strategy,Emissions reduction target,2022.0,Carbon dioxide and other GHGs,Yes,Yes,Yes,Annual reporting,Yes,No,No,No,No,Yes,Services,23.45763334643093,10.203629181337648,Yes
CHN,East Asia,No,No target,2045.0,In corporate strategy,No target,2030.0,Not Specified,Not Specified,Not Specified,No,Annual reporting,Not Specified,No,No,No,No,No,"Biotech, health care & pharma",21.12873094572124,7.997326822998097,No
NLD,Europe,No,Net zero,2040.0,In corporate strategy,Other,2030.0,Carbon dioxide and other GHGs,Yes,Yes,Yes,Annual reporting,Yes,No,No,No,No,Yes,Services,22.44513917888903,9.154087430425385,Yes
CHN,East Asia,No,Net zero,2050.0,In corporate strategy,Emissions intensity target,2023.0,Carbon dioxide and other GHGs,Yes,Yes,Yes,Annual reporting,Yes,Not Specified,No,Yes (unspecified),No,No,Manufacturing,24.31033402494134,11.604474033322271,Partial
NLD,Europe,No,Net zero,2050.0,In corporate strategy,Emissions reduction target,2025.0,Carbon dioxide and other GHGs,Yes,Yes,Yes,Annual reporting,No,Not Specified,No,Not Specified,No,Yes,Services,23.772538877475824,9.61393706902432,Partial
ESP,Europe,No,Net zero,2050.0,In corporate strategy,Emissions reduction target,2030.0,Carbon dioxide and other GHGs,Yes,Yes,Yes,Annual reporting,Not Specified,Not Specified,No,"Yes (nature-based removals e.g. Forestation, soil carbon enhancement)",No,No,"Biotech, health care & pharma",22.75207176278916,10.075000910613479,Partial
RUS,Europe,No,No target,2050.0,Proposed / in discussion,No target,2030.0,Not Specified,Not Specified,Not Specified,No,Annual reporting,Not Specified,Not Specified,No,Not Specified,No,No,Fossil Fuels,23.681503906124732,11.661354090741,Not Specified
CAN,North America,No,Net zero,2050.0,In corporate strategy,Emissions reduction target,2030.0,Not Specified,Yes,Yes,No,Annual reporting,Not Specified,Yes,No,Not Specified,No,No,Materials,20.55247751715237,3.7612001156935624,Yes
GBR,Europe,No,Net zero,2040.0,In corporate strategy,Other,2030.0,Not Specified,Yes,Yes,Yes,Annual reporting,Not Specified,Yes,No,Not Specified,No,Yes,Transportation services,23.490465061964592,12.09542037542658,Yes
SWE,Europe,No,Net zero,2050.0,In corporate strategy,Emissions reduction target,2030.0,Carbon dioxide and other GHGs,Yes,Yes,Yes,Annual reporting,Yes,No,No,Not Specified,No,Yes,Manufacturing,22.569039894638607,10.013417611908324,Yes
BRA,Latin America and the Caribbean,No,Net zero,2050.0,In corporate strategy,Emissions reduction target,2030.0,Carbon dioxide and other GHGs,Yes,Yes,Yes,Annual reporting,Yes,Yes,Yes,Yes (unspecified),No,No,Services,24.339574598252394,11.461642696843066,Not Specified
TWN,East Asia,No,Net zero,2050.0,In corporate strategy,Other,2030.0,Carbon dioxide and other GHGs,Not Specified,Not Specified,Yes,Annual reporting,Yes,Yes,No,No,No,No,Manufacturing,25.295189429151204,10.757243088609178,Not Specified
KOR,East Asia,No,Net zero,2050.0,In corporate strategy,Emissions reduction target,2030.0,Not Specified,Yes,Yes,Yes,No reporting mechanism,No,Not Specified,No,No,No,No,Services,23.70302115602807,10.132414348606066,No
MEX,North America,No,Net zero,2050.0,In corporate strategy,Emissions reduction target,2030.0,Carbon dioxide and other GHGs,Not Specified,Not Specified,Yes,Annual reporting,Not Specified,Not Specified,No,Not Specified,No,Yes,Services,24.582309917604757,12.092170195651756,Not Specified
GBR,Europe,No,Net zero,2050.0,In corporate strategy,Emissions reduction target,2025.0,Carbon dioxide and other GHGs,Yes,Yes,Yes,Annual reporting,Not Specified,Yes,No,Yes (nature-based and CCS-based removals),No,No,Fossil Fuels,25.96620790484693,11.51792295668052,No
CHN,East Asia,No,Other,2060.0,Declaration / pledge,Other,2030.0,Not Specified,Yes,Yes,No,Annual reporting,Not Specified,Yes,No,"Yes (CCS-based removals e.g. BECCS, DACCS)",No,No,Services,25.119688351916345,12.073238152871593,Partial
USA,North America,No,Net zero,2045.0,In corporate strategy,Emissions reduction target,2030.0,Not Specified,Yes,Yes,No,Annual reporting,Yes,Not Specified,No,Not Specified,No,Yes,Services,23.7388007378456,10.239995502805316,Yes
JPN,East Asia,No,Net zero,2040.0,In corporate strategy,Emissions reduction target,2030.0,Not Specified,Yes,Yes,Yes,Annual reporting,Not Specified,Not Specified,No,"Yes (CCS-based removals e.g. BECCS, DACCS)",No,Yes,"Food, beverage & agriculture",9.873234509365107,10.246154845820252,Yes
PER,Latin America and the Caribbean,No,Net zero,2050.0,In corporate strategy,No target,2030.0,Carbon dioxide and other GHGs,Yes,Yes,Yes,Annual reporting,Not Specified,Yes,No,Not Specified,No,No,Services,21.365119723645122,8.64241515616962,Yes
TWN,East Asia,No,Net zero,2050.0,In corporate strategy,Emissions reduction target,2030.0,Carbon dioxide and other GHGs,Yes,Yes,Yes,Annual reporting,Yes,Yes,No,Not Specified,No,No,Manufacturing,23.643088516453997,10.833424746444134,Yes
BRA,Latin America and the Caribbean,No,Emissions reduction target,2030.0,Declaration / pledge,No target,2030.0,Carbon dioxide and other GHGs,No,Yes,No,Annual reporting,Not Specified,Not Specified,Yes,Not Specified,No,No,Services,21.27715095074756,7.937017489515454,No
IND,South Asia,No,Carbon neutral(ity),2032.0,In corporate strategy,No target,2030.0,Carbon dioxide and other GHGs,Yes,Yes,No,Annual reporting,Not Specified,Not Specified,No,"Yes (nature-based removals e.g. Forestation, soil carbon enhancement)",No,No,Services,23.960649333409616,11.669689868899876,No
CHN,East Asia,No,No target,2050.0,In corporate strategy,No target,2030.0,Carbon dioxide and other GHGs,Not Specified,Not Specified,No,Annual reporting,Not Specified,Not Specified,No,Not Specified,No,No,Materials,23.1625647533435,9.775824621045972,Not Specified
ITA,Europe,No,Net zero,2050.0,In corporate strategy,Emissions reduction target,2035.0,Carbon dioxide and other GHGs,Yes,Yes,Yes,Less than annual reporting,Not Specified,Yes,No,Yes (nature-based and CCS-based removals),No,No,Fossil Fuels,9.6638969875516,10.323447106794745,Yes
USA,North America,No,Net zero,2050.0,In corporate strategy,Emissions reduction target,2030.0,Carbon dioxide and other GHGs,Yes,Yes,Yes,Annual reporting,Not Specified,Yes,No,"Yes (nature-based removals e.g. Forestation, soil carbon enhancement)",No,No,Power generation,22.77559308626311,9.027018314848645,Yes
TWN,East Asia,No,Emissions reduction target,2050.0,In corporate strategy,Emissions reduction target,2030.0,Carbon dioxide and other GHGs,Yes,Yes,Yes,Annual reporting,Not Specified,Not Specified,No,Not Specified,Yes,No,"Food, beverage & agriculture",23.742519305590587,10.690102307253893,Yes
USA,North America,Yes,Net zero,2050.0,In corporate strategy,Emissions reduction target,2030.0,Carbon dioxide and other GHGs,Yes,Yes,Yes,Annual reporting,Yes,Not Specified,No,Not Specified,No,No,Services,23.61363759489813,9.754784507365798,Partial
USA,North America,No,No target,2050.0,In corporate strategy,No target,2030.0,Not Specified,Not Specified,Not Specified,No,Annual reporting,Not Specified,Not Specified,No,Not Specified,No,Yes,Manufacturing,25.28473488767385,11.74138287270818,Not Specified
JPN,East Asia,No,Carbon neutral(ity),2050.0,In corporate strategy,Emissions reduction target,2030.0,Carbon dioxide and other GHGs,Yes,Yes,Yes,Annual reporting,Yes,Yes,No,Yes (nature-based and CCS-based removals),No,No,Fossil Fuels,11.376498455519377,10.684737181317619,Yes
USA,North America,No,Emissions reduction target,2030.0,In corporate strategy,No target,2030.0,Carbon dioxide and other GHGs,Yes,Yes,Yes,Annual reporting,Yes,No,No,No,No,No,"Food, beverage & agriculture",23.1860120821496,9.825580063659602,Partial
USA,North America,No,Net zero,2030.0,In corporate strategy,Emissions reduction target,2021.0,Carbon dioxide and other GHGs,Yes,Yes,Yes,Annual reporting,Yes,Not Specified,No,Not Specified,No,No,Materials,23.706368694150896,10.545367754151743,Partial
USA,North America,No,No target,2050.0,Declaration / pledge,No target,2030.0,Not Specified,Not Specified,Not Specified,Yes,Annual reporting,Not Specified,Not Specified,No,No,No,No,Services,20.89216437425282,8.052296499538647,Not Specified
CAN,North America,No,Net zero,2050.0,Declaration / pledge,Emissions reduction target,2030.0,Carbon dioxide and other GHGs,Yes,Yes,Yes,Annual reporting,Yes,Yes,No,Not Specified,No,No,Services,24.13014703511001,10.366246250532733,Yes
GBR,Europe,No,Emissions reduction target,2030.0,In corporate strategy,No target,2030.0,Carbon dioxide only,Yes,Yes,Yes,Annual reporting,Not Specified,Not Specified,No,Not Specified,No,No,Retail,22.53988050733522,10.383596203640058,Yes
USA,North America,No,Net zero,2040.0,In corporate strategy,No target,2030.0,Not Specified,Yes,Yes,No,No reporting mechanism,Not Specified,Not Specified,No,Not Specified,No,No,Services,23.03639514391508,10.203629181337648,Yes
FRA,Europe,No,Net zero,2040.0,In corporate strategy,Emissions reduction target,2030.0,Carbon dioxide only,Yes,Yes,Yes,Annual reporting,Yes,Yes,No,"Yes (nature-based removals e.g. Forestation, soil carbon enhancement)",No,Yes,Services,23.576281808356477,11.544230314798641,Yes
ITA,Europe,No,Net zero,2050.0,In corporate strategy,Emissions reduction target,2030.0,Carbon dioxide and other GHGs,Yes,Yes,Yes,Annual reporting,Yes,Yes,Yes,Yes (nature-based and CCS-based removals),No,No,Fossil Fuels,11.460905590898102,10.388779960503847,Yes
USA,North America,No,Emissions reduction target,2030.0,In corporate strategy,No target,2030.0,Carbon dioxide and other GHGs,Yes,Yes,Yes,Annual reporting,Yes,Not Specified,No,No,No,No,Services,23.218040306015276,10.106469212026385,No
CAN,North America,No,No target,2045.0,In corporate strategy,No target,2030.0,Not Specified,Not Specified,Not Specified,Yes,Annual reporting,Not Specified,Not Specified,No,Not Specified,No,No,"Biotech, health care & pharma",22.821283764321883,9.898525260706313,Not Specified
NLD,Europe,No,Net zero,2040.0,In corporate strategy,Net zero or similar,2030.0,Carbon dioxide only,Yes,Yes,Yes,Annual reporting,Yes,Yes,No,Not Specified,No,Yes,"Food, beverage & agriculture",24.19700091092989,11.295092785974596,Yes
USA,North America,No,Carbon neutral(ity),2030.0,In corporate strategy,No target,2030.0,Not Specified,Yes,Yes,No,Annual reporting,Yes,Not Specified,No,Not Specified,No,No,Services,22.883711162894606,9.743670851082243,No
USA,North America,No,No target,2050.0,In corporate strategy,No target,2030.0,Carbon dioxide and other GHGs,No,No,No,No reporting mechanism,No,No,No,No,No,No,Manufacturing,21.298754974600552,7.563200592358071,No
USA,North America,No,Emissions reduction target,2028.0,In corporate strategy,No target,2030.0,Carbon dioxide only,Yes,Yes,Yes,Annual reporting,Yes,Yes,No,Not Specified,No,No,Materials,23.297251169894185,10.938467575959383,Yes
CHN,East Asia,No,No target,2050.0,Declaration / pledge,No target,2030.0,Not Specified,Not Specified,Not Specified,No,No reporting mechanism,Not Specified,Not Specified,No,Not Specified,No,No,Services,24.34365229464182,10.778602060491535,Not Specified
BRA,Latin America and the Caribbean,No,Net zero,2050.0,In corporate strategy,Emissions reduction target,2030.0,Carbon dioxide and other GHGs,Yes,Yes,Yes,Annual reporting,Yes,Yes,No,Yes (nature-based and CCS-based removals),No,No,Fossil Fuels,25.234641693659025,10.803364309142028,No
USA,North America,No,Emissions reduction target,2050.0,In corporate strategy,Emissions reduction target,2030.0,Carbon dioxide and other GHGs,Yes,Yes,Yes,Annual reporting,Yes,Not Specified,No,Not Specified,No,No,Services,22.284353488649373,8.978282203272398,Partial
JPN,East Asia,No,Net zero,2050.0,In corporate strategy,Emissions reduction target,2030.0,Carbon dioxide and other GHGs,Yes,Yes,Yes,Annual reporting,Not Specified,Yes,No,No,No,Yes,Services,8.520786726926367,9.505320746909074,Yes
JPN,East Asia,No,Carbon neutral(ity),2050.0,In corporate strategy,Emissions reduction target,2030.0,Carbon dioxide and other GHGs,Yes,Yes,Yes,Annual reporting,No,No,No,No,No,No,Infrastructure,23.07701921660987,9.458449669308141,Partial
EGY,Africa,No,Net zero,2050.0,In corporate strategy,No target,2030.0,Carbon dioxide and other GHGs,Yes,Yes,No,No reporting mechanism,Not Specified,Yes,No,"Yes (CCS-based removals e.g. BECCS, DACCS)",No,Yes,Services,22.286869213246092,9.022925868116218,Partial
IND,South Asia,No,Net zero,2040.0,In corporate strategy,Emissions reduction target,2030.0,Not Specified,Yes,Yes,No,Annual reporting,Not Specified,Yes,No,Yes (unspecified),No,No,Services,22.995391722558843,11.686887175419702,Yes
USA,North America,Yes,Net zero,2050.0,In corporate strategy,No target,2024.0,Carbon dioxide and other GHGs,Yes,Yes,No,Annual reporting,Not Specified,No,No,Not Specified,No,No,Infrastructure,23.805175806787325,9.463198053273784,Yes
CHN,East Asia,No,No target,2050.0,In corporate strategy,No target,2030.0,Not Specified,Not Specified,Not Specified,No,Annual reporting,Not Specified,Not Specified,No,Not Specified,No,No,Services,21.502590714206125,8.623533227187563,Not Specified
CHE,Europe,No,Net zero,2050.0,In corporate strategy,Emissions reduction target,2030.0,Carbon dioxide and other GHGs,Yes,Yes,Yes,Annual reporting,Yes,No,No,"Yes (CCS-based removals e.g. BECCS, DACCS)",No,No,Infrastructure,23.93006908062083,1.9459101490553132,Yes
USA,North America,No,Emissions intensity target,2025.0,In corporate strategy,No target,2030.0,Carbon dioxide and other GHGs,Yes,Yes,No,Annual reporting,Yes,Not Specified,No,No,No,No,Materials,23.598185490340075,10.859018228147887,No
CHN,East Asia,No,No target,2050.0,In corporate strategy,No target,2030.0,Not Specified,Not Specified,Not Specified,No,No reporting mechanism,Not Specified,Not Specified,No,Not Specified,No,No,Infrastructure,23.460421663252028,10.130384052719645,Not Specified
USA,North America,No,Net zero,2050.0,In corporate strategy,Emissions reduction target,2032.0,Not Specified,Yes,Yes,No,Annual reporting,Not Specified,Not Specified,No,Not Specified,No,Yes,"Biotech, health care & pharma",21.65424811795772,9.546884034617925,Yes
SAU,Western and Central Asia,No,Net zero,2050.0,Declaration / pledge,No target,2030.0,Carbon dioxide and other GHGs,Yes,Yes,No,Less than annual reporting,Not Specified,Not Specified,No,Not Specified,No,No,Services,21.311052502404085,7.831617276352611,No
USA,North America,No,Carbon neutral(ity),2035.0,In corporate strategy,Emissions intensity target,2024.0,Carbon dioxide and other GHGs,Yes,Yes,Yes,Annual reporting,Yes,Yes,Yes,"Yes (nature-based removals e.g. Forestation, soil carbon enhancement)",Yes,No,Manufacturing,24.373820176764657,11.635151947212842,Partial
VNM,East Asia,No,Zero emissions,2040.0,Declaration / pledge,No target,2030.0,Not Specified,Not Specified,Not Specified,No,Annual reporting,Not Specified,Not Specified,No,No,No,No,Infrastructure,22.765524587628267,5.908082938168931,Not Specified
NOR,Europe,No,Emissions reduction target,2030.0,In corporate strategy,No target,2030.0,Carbon dioxide and other GHGs,Yes,Yes,Yes,Annual reporting,Yes,Not Specified,No,Not Specified,No,No,"Food, beverage & agriculture",22.371347373165136,9.52711997525166,Yes
JPN,East Asia,No,Carbon neutral(ity),2050.0,In corporate strategy,Emissions reduction target,2030.0,Carbon dioxide and other GHGs,Yes,Yes,Yes,Annual reporting,Yes,Not Specified,No,Not Specified,Yes,No,Services,23.53669655356645,8.614138397472717,Not Specified
USA,North America,No,Net zero,2050.0,Proposed / in discussion,Emissions reduction target,2030.0,Carbon dioxide and other GHGs,Not Specified,Not Specified,Yes,Annual reporting,Not Specified,Not Specified,No,Not Specified,No,No,Services,22.316980789118446,9.680406499268875,Not Specified
JPN,East Asia,No,Carbon neutral(ity),2050.0,In corporate strategy,Emissions reduction target,2030.0,Carbon dioxide and other GHGs,Yes,Yes,Yes,Annual reporting,Not Specified,Not Specified,No,Not Specified,No,No,Retail,22.545392842952545,9.848767340335895,No
USA,North America,No,No target,2050.0,In corporate strategy,Emissions reduction target,2030.0,Carbon dioxide and other GHGs,Not Specified,Not Specified,No,Less than annual reporting,Not Specified,Not Specified,No,Not Specified,No,No,"Food, beverage & agriculture",22.737235088462043,8.788593431293735,Not Specified
CHN,East Asia,No,No target,2050.0,In corporate strategy,Emissions reduction target,2030.0,Carbon dioxide and other GHGs,Not Specified,Not Specified,No,Annual reporting,Yes,Not Specified,No,Not Specified,No,No,Services,26.1257765382661,12.936419267079225,Not Specified
CHE,Europe,No,Emissions reduction target,2032.0,In corporate strategy,No target,2030.0,Carbon dioxide and other GHGs,Yes,Yes,Yes,Annual reporting,Yes,Yes,No,Not Specified,No,No,"Biotech, health care & pharma",22.15787405858306,9.79762691183662,Yes
CAN,North America,No,Emissions reduction target,2030.0,In corporate strategy,No target,2030.0,Carbon dioxide and other GHGs,Yes,Yes,Yes,Annual reporting,Yes,No,No,No,No,No,"Food, beverage & agriculture",23.466747529944232,11.491405564003305,Yes
JPN,East Asia,No,Carbon neutral(ity),2030.0,In corporate strategy,No target,2030.0,Carbon dioxide only,Yes,Yes,Yes,Annual reporting,Yes,Yes,No,No,No,No,Services,6.535241271013659,7.504942068396171,Not Specified
GBR,Europe,No,Net zero,2040.0,In corporate strategy,Emissions reduction target,2030.0,Carbon dioxide and other GHGs,Yes,Yes,Yes,Annual reporting,Yes,Yes,No,Yes (nature-based and CCS-based removals),No,Yes,Services,23.212745348662498,10.502351525774941,Partial
SAU,Western and Central Asia,No,No target,2030.0,In corporate strategy,No target,2030.0,Not Specified,Yes,Yes,Yes,Annual reporting,Yes,Not Specified,No,Not Specified,No,No,"Food, beverage & agriculture",22.458983915467115,10.690102307253893,Yes
LUX,Europe,No,Emissions intensity target,2030.0,In corporate strategy,No target,2030.0,Carbon dioxide and other GHGs,Yes,Yes,Yes,Annual reporting,Yes,No,No,Not Specified,No,No,Materials,23.584380413832662,10.432644132986843,Partial
USA,North America,No,Emissions reduction target,2030.0,In corporate strategy,No target,2030.0,Carbon dioxide and other GHGs,Yes,Yes,No,Annual reporting,Not Specified,Not Specified,No,Not Specified,No,No,Materials,23.691421342781567,10.934908916663861,Yes
ARE,Western and Central Asia,No,Net zero,2050.0,Proposed / in discussion,No target,2030.0,Carbon dioxide and other GHGs,Yes,Yes,Yes,Annual reporting,Yes,Not Specified,No,Not Specified,No,No,Services,23.776370390405486,9.122492281402987,Yes
USA,North America,No,Emissions reduction target,2030.0,In corporate strategy,No target,2024.0,Carbon dioxide and other GHGs,Yes,Yes,Yes,Annual reporting,No,Not Specified,No,Not Specified,No,No,Hospitality,22.463732011962353,11.326607934898927,Yes
USA,North America,No,No target,2045.0,In corporate strategy,No target,2030.0,Not Specified,Yes,Yes,No,Annual reporting,Not Specified,Not Specified,No,Not Specified,No,No,"Biotech, health care & pharma",9.375006993531416,11.156264806643742,Not Specified
USA,North America,No,Carbon neutral(ity),2030.0,In corporate strategy,Emissions reduction target,2025.0,Carbon dioxide and other GHGs,Yes,Yes,Yes,Annual reporting,No,Yes,No,Not Specified,No,No,"Biotech, health care & pharma",22.948537826945824,9.53249633228804,No
JPN,East Asia,No,Net zero,2050.0,In corporate strategy,Emissions reduction target,2030.0,Carbon dioxide only,Yes,Yes,Yes,Annual reporting,Not Specified,Yes,Yes,"Yes (CCS-based removals e.g. BECCS, DACCS)",No,No,Transportation services,23.405793080885925,10.62682440425913,Partial
GBR,Europe,Yes,Net zero,2050.0,In corporate strategy,Emissions reduction target,2030.0,Carbon dioxide and other GHGs,Yes,Yes,Yes,Annual reporting,Yes,Not Specified,No,"Yes (CCS-based removals e.g. BECCS, DACCS)",No,No,Materials,23.667704816165482,10.432644132986843,Yes
USA,North America,Yes,No target,2050.0,In corporate strategy,No target,2030.0,Not Specified,Not Specified,Not Specified,No,Annual reporting,Not Specified,Not Specified,No,Not Specified,No,No,Services,23.767788274717454,9.754784507365798,Not Specified
GBR,Europe,No,Net zero,2050.0,In corporate strategy,Emissions reduction target,2032.0,Carbon dioxide and other GHGs,Yes,Yes,Yes,Annual reporting,Yes,Yes,No,Yes (nature-based and CCS-based removals),No,Yes,Fossil Fuels,24.098940261411677,10.038455412946613,Yes
JPN,East Asia,No,Net zero,2050.0,In corporate strategy,Emissions reduction target,2026.0,Carbon dioxide and other GHGs,Yes,Yes,Yes,Annual reporting,Not Specified,Yes,No,Yes (nature-based and CCS-based removals),No,Yes,Services,24.88300792627042,11.698358841693127,Yes
CHN,East Asia,No,Net zero,2050.0,In corporate strategy,Emissions intensity target,2030.0,Not Specified,Yes,Yes,Yes,Annual reporting,Not Specified,Yes,No,"Yes (CCS-based removals e.g. BECCS, DACCS)",No,No,"Biotech, health care & pharma",21.541723208912913,9.423352776090933,Yes
CHE,Europe,No,Emissions reduction target,2030.0,In corporate strategy,Other,2025.0,Carbon dioxide and other GHGs,Yes,Yes,Yes,Annual reporting,Not Specified,Yes,No,No,No,No,Apparel,23.822772368761928,10.596659732783579,Partial
TUR,Western and Central Asia,No,Net zero,2050.0,In corporate strategy,Other,2030.0,Not Specified,Yes,Yes,No,Annual reporting,Not Specified,Yes,No,Not Specified,No,Yes,Services,22.70039775994014,9.99474407280768,Not Specified
USA,North America,No,Net zero,2040.0,Declaration / pledge,Other,2025.0,Not Specified,Yes,Yes,No,Annual reporting,Not Specified,Not Specified,No,Yes (nature-based and CCS-based removals),No,No,Materials,22.909317113796863,9.441531454869693,Not Specified
JPN,East Asia,No,Net zero,2050.0,In corporate strategy,Emissions reduction target,2030.0,Carbon dioxide and other GHGs,Yes,Yes,Yes,Annual reporting,Not Specified,Not Specified,No,Not Specified,No,No,Manufacturing,22.38149391374042,9.746307288148506,Yes
USA,North America,No,No target,2050.0,In corporate strategy,No target,2030.0,Not Specified,Not Specified,Not Specified,No,No reporting mechanism,No,Not Specified,No,No,No,No,Infrastructure,23.065744493698222,8.853808274977197,Not Specified
CHE,Europe,No,Net zero,2030.0,Declaration / pledge,Emissions reduction target,2023.0,Carbon dioxide and other GHGs,Yes,Yes,Yes,Annual reporting,No,Yes,No,No,No,No,Services,22.686454421942408,8.935377071932177,No
JPN,East Asia,No,Carbon neutral(ity),2050.0,In corporate strategy,Emissions reduction target,2030.0,Carbon dioxide only,Yes,Yes,Yes,Annual reporting,Not Specified,Not Specified,No,Not Specified,No,No,Services,20.29555512142467,7.7336835707759,Partial
CHN,East Asia,No,No target,2050.0,In corporate strategy,No target,2030.0,Not Specified,Not Specified,Not Specified,No,Annual reporting,Not Specified,Not Specified,No,Not Specified,No,No,Services,22.948537826945824,9.526464118059266,Not Specified
USA,North America,No,1.5°C target,2030.0,In corporate strategy,No target,2030.0,Carbon dioxide and other GHGs,Yes,Yes,Yes,Annual reporting,Not Specified,No,No,No,No,No,Retail,22.446032434866087,9.259225769705994,Partial
CHN,East Asia,No,Carbon neutral(ity),2060.0,In corporate strategy,Emissions intensity target,2030.0,Carbon dioxide and other GHGs,Yes,Yes,No,Annual reporting,Yes,Not Specified,No,Not Specified,No,No,"Food, beverage & agriculture",23.74154207498418,10.455963627557306,Not Specified
USA,North America,No,Emissions reduction target,2032.0,In corporate strategy,No target,2030.0,Carbon dioxide and other GHGs,Yes,Yes,No,Annual reporting,Not Specified,Not Specified,No,Not Specified,No,No,"Biotech, health care & pharma",23.119705505503124,8.716207971151853,Partial
JPN,East Asia,No,Net zero,2050.0,In corporate strategy,Emissions reduction target,2030.0,Carbon dioxide and other GHGs,Yes,Yes,Yes,Less than annual reporting,Yes,Yes,No,Yes (nature-based and CCS-based removals),Yes,No,Infrastructure,23.68853890306724,9.691840166360345,Yes
CAN,North America,No,Net zero,2050.0,Declaration / pledge,Emissions reduction target,2030.0,Carbon dioxide and other GHGs,Yes,Yes,No,No reporting mechanism,Not Specified,Not Specified,No,No,No,Yes,Hospitality,22.85316282223359,10.534785924769006,Partial
HKG,East Asia,No,Net zero,2050.0,In corporate strategy,Emissions reduction target,2030.0,Carbon dioxide only,Yes,Yes,Yes,Annual reporting,Not Specified,Yes,No,Not Specified,No,No,Transportation services,23.316727893363517,10.31264583248191,No
USA,North America,No,Zero emissions,2040.0,In corporate strategy,Emissions reduction target,2025.0,Carbon dioxide and other GHGs,Yes,Yes,Yes,Annual reporting,Yes,No,No,No,No,Yes,Retail,27.246806116423087,14.557448378884015,No
USA,North America,No,Carbon neutral(ity),2030.0,In corporate strategy,No target,2030.0,Carbon dioxide only,Yes,Yes,Yes,Annual reporting,Yes,Yes,No,Not Specified,No,No,"Biotech, health care & pharma",24.530883426041903,10.757924157061597,Yes
QAT,Western and Central Asia,No,Emissions reduction target,2022.0,In corporate strategy,Other,2030.0,Carbon dioxide and other GHGs,Yes,Yes,Yes,Annual reporting,Not Specified,Not Specified,No,Not Specified,Yes,No,Services,24.35987783815021,9.754784507365798,Partial
DNK,Europe,No,Net zero,2050.0,In corporate strategy,Other,2030.0,Carbon dioxide and other GHGs,Not Specified,Not Specified,Yes,Annual reporting,Yes,Yes,No,Not Specified,No,Yes,Services,23.86106174980725,9.899328917387269,Not Specified
FRA,Europe,Yes,Emissions reduction target,2035.0,Declaration / pledge,Emissions reduction target,2030.0,Carbon dioxide only,Not Specified,Not Specified,No,No reporting mechanism,Not Specified,Not Specified,No,Not Specified,No,No,Retail,24.994919414152882,10.933124826700707,Not Specified
USA,North America,No,Emissions reduction target,2030.0,In corporate strategy,No target,2030.0,Carbon dioxide and other GHGs,Yes,Yes,Yes,Annual reporting,Yes,Not Specified,No,No,No,No,Manufacturing,21.917188305721876,9.105090961257085,Partial
USA,North America,No,Net zero,2040.0,In corporate strategy,Emissions reduction target,2030.0,Carbon dioxide and other GHGs,Yes,Yes,Yes,Annual reporting,Not Specified,Yes,No,Yes (unspecified),No,No,Services,22.026721920028887,9.23024103368252,Partial
FIN,Europe,No,Science-based target,2030.0,In corporate strategy,No target,2030.0,Not Specified,Yes,Yes,Yes,Annual reporting,Yes,Not Specified,No,No,No,No,Services,22.969280578557882,9.509778075438817,Yes
USA,North America,No,Net zero,2050.0,In corporate strategy,No target,2029.0,Carbon dioxide and other GHGs,Yes,Yes,No,Annual reporting,Yes,Not Specified,No,Not Specified,No,No,Services,24.170805945833344,11.266935408460283,Yes
GBR,Europe,No,Net zero,2050.0,In corporate strategy,Emissions reduction target,2030.0,Carbon dioxide and other GHGs,Yes,Yes,Yes,Annual reporting,Yes,Yes,No,Yes (unspecified),No,Yes,Services,24.827560730038183,12.367345048436391,Yes
JPN,East Asia,No,Net zero,2050.0,In corporate strategy,Net zero or similar,2030.0,Carbon dioxide only,Yes,Yes,Yes,Annual reporting,Not Specified,No,No,Not Specified,No,No,Services,20.497619156667216,7.706162970199576,Yes
USA,North America,No,No target,2050.0,In corporate strategy,No target,2030.0,Not Specified,Not Specified,Not Specified,No,Annual reporting,Not Specified,Not Specified,No,Not Specified,No,No,Services,22.83541655315693,9.071193240566025,Not Specified
IND,South Asia,No,No target,2050.0,In corporate strategy,No target,2030.0,Not Specified,No,No,No,Annual reporting,Not Specified,Not Specified,No,No,No,No,Services,22.864977704469826,11.19822841866684,No
TWN,East Asia,No,Emissions reduction target,2050.0,Declaration / pledge,Emissions reduction target,2030.0,Not Specified,Yes,Yes,No,Annual reporting,Not Specified,Yes,No,Not Specified,No,Yes,Retail,24.0675753564368,10.673989215342615,Yes
IRL,Europe,No,Net zero,2050.0,In corporate strategy,Emissions reduction target,2030.0,Not Specified,Yes,Yes,No,Annual reporting,Yes,Yes,No,Not Specified,No,No,Services,24.013457167268452,9.642187721358466,Yes
CHN,East Asia,No,No target,2050.0,In corporate strategy,No target,2030.0,Carbon dioxide and other GHGs,Not Specified,Not Specified,No,Annual reporting,Not Specified,Not Specified,No,Not Specified,No,No,Power generation,9.457512901089753,9.493863809279105,Not Specified
DNK,Europe,No,Carbon neutral(ity),2030.0,In corporate strategy,Emissions reduction target,2025.0,Carbon dioxide and other GHGs,Yes,Yes,Yes,Annual reporting,Yes,No,No,No,No,Yes,Manufacturing,23.65227052850314,10.465984899076615,Partial
CAN,North America,No,Net zero,2050.0,In corporate strategy,Emissions reduction target,2025.0,Carbon dioxide and other GHGs,Yes,Yes,Yes,Annual reporting,Yes,Yes,No,Not Specified,No,Yes,Services,24.482137662903693,11.350418300109132,Partial
USA,North America,No,Net zero,2050.0,In corporate strategy,Emissions reduction target,2030.0,Carbon dioxide and other GHGs,Yes,Yes,Yes,Annual reporting,Not Specified,Not Specified,No,Yes (unspecified),No,Yes,"Food, beverage & agriculture",23.701037785174314,10.434145214930487,Yes
IRL,Europe,No,Carbon neutral(ity),2040.0,In corporate strategy,Emissions reduction target,2030.0,Carbon dioxide and other GHGs,Yes,Yes,Yes,Annual reporting,Not Specified,Not Specified,No,Not Specified,Yes,Yes,Manufacturing,23.51443094482048,11.326607934898927,Partial
IND,South Asia,No,No target,2040.0,In corporate strategy,No target,2030.0,Not Specified,Not Specified,Not Specified,No,Annual reporting,Not Specified,Not Specified,No,Not Specified,No,No,Retail,24.397843506374848,4.912654885736052,Not Specified
USA,North America,No,Net zero,2045.0,In corporate strategy,Emissions reduction target,2030.0,Carbon dioxide and other GHGs,Not Specified,Not Specified,No,Annual reporting,Not Specified,Not Specified,No,Not Specified,No,No,"Biotech, health care & pharma",22.525800379507306,8.252706676567644,Not Specified
USA,North America,No,Net zero,2050.0,Declaration / pledge,Emissions reduction target,2033.0,Carbon dioxide and other GHGs,Yes,Yes,No,Annual reporting,Not Specified,Not Specified,No,Not Specified,No,No,Services,21.816195342814254,7.840312983320164,Yes
CHE,Europe,No,Net zero,2050.0,In corporate strategy,Emissions reduction target,2030.0,Carbon dioxide and other GHGs,Not Specified,Not Specified,Yes,Annual reporting,Yes,No,No,No,No,No,Services,21.373505517017,7.644919344958857,Not Specified
DEU,Europe,No,Climate neutral,2050.0,Proposed / in discussion,No target,2030.0,Not Specified,Yes,Yes,No,Annual reporting,No,Yes,No,Not Specified,No,No,Services,21.234291441314948,8.106816038947052,Partial
GRC,Europe,No,Net zero,2050.0,In corporate strategy,Emissions reduction target,2025.0,Not Specified,Not Specified,Not Specified,No,Annual reporting,Not Specified,Not Specified,No,Not Specified,No,No,Services,22.417596216582197,8.707152175339404,Not Specified
JPN,East Asia,No,Net zero,2050.0,In corporate strategy,Emissions reduction target,2030.0,Carbon dioxide and other GHGs,Yes,Yes,Yes,Annual reporting,Not Specified,Yes,No,Yes (unspecified),No,No,Services,25.54461135249302,11.29025680087923,Yes
CHN,East Asia,No,No target,2045.0,In corporate strategy,Emissions reduction target,2030.0,Not Specified,Not Specified,Not Specified,No,No reporting mechanism,No,No,No,No,No,No,"Biotech, health care & pharma",23.78847753031685,10.313674826979621,Not Specified
ARE,Western and Central Asia,No,Net zero,2030.0,Declaration / pledge,No target,2030.0,Carbon dioxide only,Yes,Yes,No,Annual reporting,Yes,No,No,No,No,No,Services,22.573294214455675,9.754784507365798,Partial
CHN,East Asia,No,Carbon neutral(ity),2060.0,In corporate strategy,Other,2030.0,Not Specified,Yes,Yes,No,Annual reporting,Not Specified,Not Specified,No,Not Specified,No,No,Infrastructure,23.542797780771018,8.895766604056085,No
USA,North America,No,Net zero,2030.0,In corporate strategy,No target,2030.0,Carbon dioxide only,Yes,Yes,Yes,Annual reporting,Yes,No,Yes,Yes (nature-based and CCS-based removals),No,Yes,Services,26.60746249496306,12.119010358153723,Yes
USA,North America,No,No target,2017.0,In corporate strategy,No target,2030.0,Not Specified,Not Specified,Not Specified,No,Annual reporting,No,Yes,No,Not Specified,No,No,Services,22.808937928501106,9.210440366976517,Not Specified
IND,South Asia,No,Net zero,2035.0,In corporate strategy,No target,2030.0,Carbon dioxide and other GHGs,Yes,Yes,Yes,Annual reporting,Yes,Yes,No,"Yes (CCS-based removals e.g. BECCS, DACCS)",No,No,Fossil Fuels,25.460358622153368,12.373005569007466,Yes
MYS,East Asia,No,Net zero,2050.0,In corporate strategy,Emissions reduction target,2030.0,Carbon dioxide and other GHGs,Yes,Yes,Yes,Annual reporting,Yes,Not Specified,No,Yes (nature-based and CCS-based removals),No,Yes,Services,22.498218188027575,10.203629181337648,Yes
USA,North America,No,Net zero,2050.0,In corporate strategy,Emissions reduction target,2030.0,Carbon dioxide and other GHGs,Yes,No,Yes,Annual reporting,Yes,Not Specified,No,Yes (nature-based and CCS-based removals),No,No,Power generation,24.00882787504706,10.261196961231647,No
CAN,North America,No,Net zero,2050.0,In corporate strategy,Emissions reduction target,2030.0,Not Specified,Yes,Yes,No,Annual reporting,Yes,Not Specified,No,Not Specified,No,No,Services,23.509202576767365,10.25769445336048,Yes
AUT,Europe,No,Net zero,2050.0,In corporate strategy,Emissions reduction target,2030.0,Carbon dioxide and other GHGs,Yes,Yes,Yes,Annual reporting,Yes,Yes,No,No,No,No,Services,23.471433784708555,10.658787598318158,Partial
IND,South Asia,No,Carbon neutral(ity),2040.0,In corporate strategy,Emissions reduction target,2026.0,Carbon dioxide and other GHGs,Yes,Yes,Yes,Annual reporting,Yes,Not Specified,No,"Yes (nature-based removals e.g. Forestation, soil carbon enhancement)",No,No,Infrastructure,24.11404244381433,12.931135073034707,Partial
USA,North America,No,Emissions intensity target,2030.0,In corporate strategy,No target,2030.0,Carbon dioxide and other GHGs,Yes,Yes,No,Less than annual reporting,Yes,Not Specified,No,Not Specified,No,No,Transportation services,23.382265840143347,10.064798252418377,Not Specified
KOR,East Asia,No,Carbon neutral(ity),2050.0,Declaration / pledge,Emissions reduction target,2030.0,Carbon dioxide and other GHGs,Not Specified,Not Specified,Yes,Annual reporting,Not Specified,Yes,No,"Yes (CCS-based removals e.g. BECCS, DACCS)",No,No,Fossil Fuels,24.06159441386507,8.34687925374656,Not Specified
GBR,Europe,No,Net zero,2050.0,In corporate strategy,Emissions reduction target,2030.0,Carbon dioxide and other GHGs,Yes,Yes,Yes,Annual reporting,Yes,Not Specified,No,Yes (nature-based and CCS-based removals),No,No,"Food, beverage & agriculture",24.221378170713116,10.79937147463262,Yes
GBR,Europe,No,Net zero,2050.0,In corporate strategy,Other,2030.0,Not Specified,Yes,Yes,No,Annual reporting,Yes,Not Specified,No,Not Specified,No,No,"Food, beverage & agriculture",23.959627882861195,11.835016210489899,Partial
USA,North America,No,Net zero,2050.0,In corporate strategy,Emissions reduction target,2030.0,Not Specified,Not Specified,Not Specified,No,Annual reporting,Yes,Yes,No,"Yes (nature-based removals e.g. Forestation, soil carbon enhancement)",No,Yes,Services,23.944618591729405,11.407576060361786,Not Specified
MEX,North America,No,Net zero,2040.0,In corporate strategy,No target,2030.0,Not Specified,Yes,Not Specified,Yes,Annual reporting,Not Specified,Not Specified,No,Not Specified,No,No,Retail,23.160119550832928,11.344565983192329,No
IRL,Europe,No,Carbon neutral(ity),2040.0,In corporate strategy,Emissions reduction target,2025.0,Carbon dioxide and other GHGs,Yes,Yes,Yes,Annual reporting,Yes,Yes,No,Not Specified,No,No,Retail,22.852687311050175,10.596659732783579,Yes
CHN,East Asia,No,No target,2050.0,In corporate strategy,No target,2030.0,Not Specified,Yes,Yes,Yes,Annual reporting,Not Specified,Not Specified,No,Not Specified,No,No,Services,22.302038335275853,9.089414904047302,No
USA,North America,No,Emissions reduction target,2030.0,In corporate strategy,No target,2030.0,Carbon dioxide and other GHGs,Yes,Yes,No,Annual reporting,Yes,Not Specified,No,No,No,No,Services,21.707215217668214,6.386879319362645,Partial
SWE,Europe,No,Net zero,2040.0,In corporate strategy,Emissions reduction target,2030.0,Carbon dioxide and other GHGs,Yes,Yes,Yes,Annual reporting,Yes,No,No,Yes (nature-based and CCS-based removals),No,Yes,Retail,10.062924236792623,11.453568164762414,Yes
JPN,East Asia,No,Carbon neutral(ity),2070.0,Declaration / pledge,Emissions reduction target,2030.0,Carbon dioxide and other GHGs,Yes,Yes,Yes,Annual reporting,Not Specified,Yes,No,Not Specified,Yes,No,Manufacturing,24.37012466182381,11.189588580642006,Yes
USA,North America,No,Net zero,2040.0,Declaration / pledge,No target,2030.0,Carbon dioxide and other GHGs,Yes,Yes,Yes,Annual reporting,Yes,Yes,No,Not Specified,No,Yes,Services,24.328818028497768,10.360944044643913,Yes
USA,North America,No,Net zero,2050.0,Declaration / pledge,No target,2030.0,Carbon dioxide and other GHGs,Yes,Yes,No,Annual reporting,Not Specified,Not Specified,No,No,No,No,Retail,22.711140185237742,10.714439990727769,Yes
CHN,East Asia,No,Zero emissions,2050.0,Proposed / in discussion,Emissions reduction target,2025.0,Not Specified,Not Specified,Not Specified,No,No reporting mechanism,Not Specified,Yes,No,Not Specified,No,No,Manufacturing,22.409664790701825,8.380685946761574,Not Specified
JPN,East Asia,Yes,Net zero,2050.0,In corporate strategy,Emissions reduction target,2030.0,Carbon dioxide and other GHGs,Yes,Yes,Yes,Annual reporting,Yes,Not Specified,No,"Yes (nature-based removals e.g. Forestation, soil carbon enhancement)",No,No,Services,25.066291734283556,9.754784507365798,Yes
IND,South Asia,No,Net zero,2070.0,Declaration / pledge,Emissions reduction target,2030.0,Not Specified,Yes,Yes,No,Annual reporting,Yes,Not Specified,No,Not Specified,No,No,Manufacturing,22.509007234016575,9.056139690898883,Not Specified
AUS,Oceania,No,Net zero,2030.0,In corporate strategy,Other,2025.0,Carbon dioxide and other GHGs,Yes,Yes,Yes,Annual reporting,Yes,No,No,Yes (unspecified),Yes,No,Services,9.247443459927686,9.259225769705994,Partial
VEN,Latin America and the Caribbean,No,No target,2050.0,In corporate strategy,No target,2030.0,Carbon dioxide and other GHGs,Not Specified,Not Specified,Yes,Annual reporting,Yes,Not Specified,No,Not Specified,Yes,No,Services,21.678777282358464,8.587092318795905,Not Specified
USA,North America,No,Net zero,2040.0,In corporate strategy,Emissions reduction target,2030.0,Carbon dioxide and other GHGs,Yes,Yes,Yes,Annual reporting,Not Specified,Not Specified,No,Yes (unspecified),No,Yes,Retail,25.39203034846904,12.994532278619134,Yes
USA,North America,No,Net zero,2050.0,In corporate strategy,Emissions reduction target,2025.0,Not Specified,Not Specified,Not Specified,No,Annual reporting,Yes,Not Specified,No,Not Specified,No,Yes,Hospitality,23.94613368312399,12.94323910384853,Not Specified
KOR,East Asia,No,Emissions reduction target,2030.0,In corporate strategy,Emissions intensity target,2026.0,Carbon dioxide and other GHGs,Yes,No,Yes,Annual reporting,Not Specified,Not Specified,No,Not Specified,Yes,No,Manufacturing,24.65978631399446,10.38563588541525,Not Specified
IND,South Asia,No,Carbon neutral(ity),2032.0,In corporate strategy,No target,2030.0,Not Specified,Yes,Yes,Yes,Annual reporting,Yes,Not Specified,No,Not Specified,No,No,Services,23.049176755341648,4.663439094112067,Partial
USA,North America,No,No target,2030.0,In corporate strategy,No target,2030.0,Not Specified,Not Specified,Not Specified,No,No reporting mechanism,Not Specified,Not Specified,No,Not Specified,No,No,Services,9.599405058716567,9.768583790071327,Not Specified
JPN,East Asia,No,Zero emissions,2050.0,In corporate strategy,Emissions reduction target,2030.0,Carbon dioxide only,Yes,Yes,Yes,Annual reporting,Yes,Not Specified,No,"Yes (nature-based removals e.g. Forestation, soil carbon enhancement)",Yes,No,Materials,22.610335486130307,9.69922708822342,Partial
JPN,East Asia,No,Carbon neutral(ity),2030.0,In corporate strategy,Emissions reduction target,2024.0,Carbon dioxide only,Yes,Yes,Yes,Annual reporting,Yes,Yes,No,"Yes (nature-based removals e.g. Forestation, soil carbon enhancement)",No,No,Services,23.874462213167273,10.846887486888901,Yes
USA,North America,No,Net zero,2040.0,In corporate strategy,Emissions reduction target,2032.0,Carbon dioxide and other GHGs,Yes,Yes,Yes,Annual reporting,Not Specified,Not Specified,No,"Yes (CCS-based removals e.g. BECCS, DACCS)",No,Yes,"Biotech, health care & pharma",9.134322885552267,8.936692688488204,Yes
USA,North America,No,Net zero,2040.0,In corporate strategy,Other,2025.0,Carbon dioxide only,Not Specified,Not Specified,Yes,Annual reporting,Not Specified,Yes,No,Not Specified,No,Yes,Transportation services,22.898017558544208,10.091418348094594,Not Specified
USA,North America,No,Emissions intensity target,2034.0,In corporate strategy,Emissions intensity target,2025.0,Carbon dioxide and other GHGs,Yes,Yes,Yes,Annual reporting,Yes,Not Specified,No,No,No,No,Transportation services,23.21357453610629,10.423679178052442,Yes
USA,North America,No,Net zero,2040.0,In corporate strategy,Emissions reduction target,2030.0,Carbon dioxide and other GHGs,Yes,Yes,No,Annual reporting,Not Specified,Yes,No,Not Specified,No,Yes,Retail,24.01539212359138,10.933124826700707,Yes
IRL,Europe,No,No target,2040.0,In corporate strategy,No target,2030.0,Carbon dioxide and other GHGs,Not Specified,Not Specified,No,Annual reporting,Not Specified,Not Specified,No,Not Specified,No,No,Retail,24.72567784212051,10.06330784398357,Not Specified
CHN,East Asia,No,Carbon neutral(ity),2060.0,Declaration / pledge,No target,2030.0,Not Specified,Not Specified,Not Specified,No,No reporting mechanism,Not Specified,Not Specified,No,Not Specified,No,No,Fossil Fuels,23.874119747410518,10.583726782795289,Not Specified
RUS,Europe,No,Carbon neutral(ity),2050.0,In corporate strategy,Emissions reduction target,2025.0,Carbon dioxide and other GHGs,Yes,Yes,Yes,Annual reporting,Yes,Not Specified,No,Yes (nature-based and CCS-based removals),No,No,Fossil Fuels,25.4363841877476,10.784606961398842,No
USA,North America,No,Net zero,2030.0,Declaration / pledge,No target,2030.0,Not Specified,Yes,Yes,No,No reporting mechanism,No,Yes,No,Not Specified,No,No,Services,23.13021094535479,9.127067452782361,Partial
HKG,East Asia,No,Carbon neutral(ity),2045.0,In corporate strategy,Emissions reduction target,2025.0,Carbon dioxide and other GHGs,Yes,Yes,Yes,Annual reporting,Yes,Not Specified,No,No,No,Yes,Manufacturing,23.369440634401457,10.668978650219241,Partial
USA,North America,No,Net zero,2035.0,In corporate strategy,Emissions intensity target,2025.0,Carbon dioxide and other GHGs,Yes,Yes,Yes,Annual reporting,Yes,Not Specified,No,No,No,No,Fossil Fuels,23.371070511104143,7.0909098220799835,No
JPN,East Asia,No,Net zero,2050.0,In corporate strategy,Emissions reduction target,2030.0,Carbon dioxide and other GHGs,Yes,Yes,Yes,Annual reporting,Yes,Not Specified,No,Not Specified,No,No,Services,24.92562738330251,11.149340990825792,Yes
JPN,East Asia,No,Net zero,2030.0,In corporate strategy,Emissions reduction target,2024.0,Carbon dioxide only,Yes,Yes,Yes,Annual reporting,Not Specified,Not Specified,No,No,No,No,Services,20.94640938906062,8.001019961323651,No
USA,North America,No,Net zero,2050.0,In corporate strategy,Emissions reduction target,2030.0,Carbon dioxide and other GHGs,Yes,Yes,Yes,Annual reporting,Yes,Yes,No,Not Specified,Yes,No,Fossil Fuels,22.105050042839547,8.00603417874901,Not Specified
GBR,Europe,No,Carbon neutral(ity),2050.0,In corporate strategy,Emissions reduction target,2025.0,Not Specified,Yes,Yes,Yes,Annual reporting,Yes,Yes,No,Yes (nature-based and CCS-based removals),No,Yes,Services,24.188001239443835,7.1308988302963465,Yes
USA,North America,No,Other,2030.0,In corporate strategy,Emissions reduction target,2022.0,Carbon dioxide and other GHGs,Yes,Yes,Yes,Annual reporting,Not Specified,Yes,No,Not Specified,No,No,Services,23.343358759362275,9.831830420771897,Partial
USA,North America,No,Emissions reduction target,2034.0,In corporate strategy,No target,2030.0,Carbon dioxide and other GHGs,Yes,Yes,Yes,Annual reporting,Not Specified,Not Specified,No,Not Specified,No,No,Services,23.554005535887192,8.927314111060596,Partial
USA,North America,No,Emissions reduction target,2030.0,In corporate strategy,No target,2030.0,Carbon dioxide and other GHGs,Yes,Yes,No,No reporting mechanism,No,Not Specified,No,Not Specified,No,No,Materials,23.74855691279049,10.839600519357369,Yes
AUS,Oceania,No,Net zero,2050.0,In corporate strategy,No target,2030.0,Not Specified,Yes,Yes,No,Annual reporting,No,Yes,No,Not Specified,No,No,Services,23.45111866541016,8.77971129020447,Partial
USA,North America,No,Emissions reduction target,2030.0,In corporate strategy,No target,2030.0,Not Specified,Yes,Yes,No,Annual reporting,Not Specified,Not Specified,No,Not Specified,No,No,Manufacturing,24.9973035046227,11.703554089007538,No
CHN,East Asia,No,No target,2050.0,In corporate strategy,No target,2030.0,Carbon dioxide and other GHGs,Not Specified,Not Specified,No,Annual reporting,Not Specified,Not Specified,No,Not Specified,No,No,Infrastructure,22.439583111187336,8.114025442356757,Not Specified
JPN,East Asia,No,Net zero,2050.0,In corporate strategy,Emissions reduction target,2027.0,Not Specified,Yes,Yes,Yes,Annual reporting,Yes,Not Specified,No,Not Specified,No,No,Services,21.5108136933828,8.445267451844648,Yes
HKG,East Asia,No,Emissions reduction target,2050.0,In corporate strategy,No target,2030.0,Carbon dioxide and other GHGs,Not Specified,Not Specified,Yes,Annual reporting,Not Specified,Not Specified,No,Not Specified,No,No,Infrastructure,22.711140185237742,9.711418644287294,Not Specified
SWE,Europe,No,Carbon neutral(ity),2030.0,In corporate strategy,Emissions reduction target,2023.0,Carbon dioxide only,Yes,Yes,No,Annual reporting,No,Yes,No,"Yes (nature-based removals e.g. Forestation, soil carbon enhancement)",No,No,Fossil Fuels,21.511723197765228,6.0112671744041615,Partial
CAN,North America,No,No target,2050.0,In corporate strategy,No target,2030.0,Carbon dioxide and other GHGs,Not Specified,Not Specified,No,No reporting mechanism,Not Specified,Not Specified,No,No,No,No,Services,22.61592589126087,10.714439990727769,Not Specified
GRC,Europe,No,Net zero,2050.0,In corporate strategy,Emissions reduction target,2030.0,Carbon dioxide and other GHGs,Yes,Yes,No,Annual reporting,Not Specified,Yes,No,Not Specified,No,No,Services,22.100519453666422,8.940367233305174,No
JPN,East Asia,No,Carbon neutral(ity),2040.0,Declaration / pledge,Emissions reduction target,2030.0,Carbon dioxide only,Yes,Yes,Yes,Annual reporting,Yes,Not Specified,No,No,No,No,"Biotech, health care & pharma",22.621485217425427,10.328493815851127,Partial
HKG,East Asia,No,Emissions reduction target,2025.0,In corporate strategy,No target,2030.0,Carbon dioxide only,Not Specified,Not Specified,Yes,Annual reporting,Not Specified,Not Specified,No,Not Specified,No,No,Fossil Fuels,23.21216450808695,10.935158435450356,No
CHN,East Asia,No,No target,2050.0,In corporate strategy,No target,2030.0,Not Specified,Not Specified,Not Specified,No,Annual reporting,Not Specified,Not Specified,No,Not Specified,No,No,Infrastructure,22.32929795644636,10.132374578477403,Not Specified
DEU,Europe,Yes,Carbon neutral(ity),2030.0,In corporate strategy,No target,2030.0,Carbon dioxide and other GHGs,Yes,Yes,Yes,Annual reporting,No,Yes,No,"Yes (nature-based removals e.g. Forestation, soil carbon enhancement)",No,No,"Biotech, health care & pharma",23.78197290970874,10.161805178857993,Partial
USA,North America,No,Emissions reduction target,2029.0,In corporate strategy,No target,2030.0,Carbon dioxide and other GHGs,Yes,Yes,Yes,Annual reporting,Not Specified,Not Specified,No,Not Specified,No,No,Retail,22.55296314567532,9.798182590890704,No
USA,North America,No,Net zero,2050.0,In corporate strategy,Emissions reduction target,2025.0,Carbon dioxide only,Yes,Yes,No,Annual reporting,Yes,Not Specified,No,"Yes (nature-based removals e.g. Forestation, soil carbon enhancement)",No,Yes,Hospitality,23.588034846038585,12.493808466537475,Yes
KOR,East Asia,No,Net zero,2040.0,In corporate strategy,Emissions reduction target,2030.0,Carbon dioxide and other GHGs,Yes,Yes,Yes,Annual reporting,Not Specified,Yes,No,Yes (nature-based and CCS-based removals),No,No,Fossil Fuels,25.242126217978377,8.39049553837028,Yes
USA,North America,No,Emissions reduction target,2025.0,In corporate strategy,No target,2030.0,Carbon dioxide and other GHGs,Yes,Yes,No,Annual reporting,Yes,Not Specified,No,Not Specified,No,No,Services,23.568175220823957,9.337677620437377,No
USA,North America,No,Carbon neutral(ity),2027.0,In corporate strategy,No target,2030.0,Carbon dioxide and other GHGs,Yes,Yes,Yes,Annual reporting,Yes,Not Specified,No,Yes (unspecified),No,No,"Biotech, health care & pharma",24.22677910411026,10.239995502805316,Yes
FIN,Europe,No,Carbon neutral(ity),2040.0,In corporate strategy,Emissions reduction target,2030.0,Carbon dioxide only,Yes,Yes,Yes,Annual reporting,No,Yes,No,No,No,No,Power generation,22.55952054622043,8.404472321352118,Yes
KOR,East Asia,No,Net zero,2050.0,In corporate strategy,Emissions reduction target,2030.0,Not Specified,Not Specified,Not Specified,No,Annual reporting,Yes,Yes,No,Not Specified,No,No,Services,23.687610637310364,9.736724334658026,Not Specified
MEX,North America,No,Science-based target,2032.0,In corporate strategy,No target,2030.0,Carbon dioxide and other GHGs,Yes,Yes,Yes,Annual reporting,Not Specified,Not Specified,No,Not Specified,Yes,No,Services,21.145260247661525,6.9726062513017535,Partial
DEU,Europe,Yes,Climate neutral,2020.0,Achieved (self-declared),Emissions reduction target,2030.0,Carbon dioxide and other GHGs,Yes,Yes,Yes,Annual reporting,Not Specified,Yes,No,"Yes (nature-based removals e.g. Forestation, soil carbon enhancement)",No,No,Manufacturing,25.191699499372497,10.833424746444134,No
USA,North America,No,Net zero,2050.0,In corporate strategy,Emissions intensity target,2030.0,Not Specified,Yes,Yes,Yes,Annual reporting,Not Specified,Yes,No,Not Specified,No,No,Retail,23.27232030663632,10.714439990727769,Partial
SGP,East Asia,No,Net zero,2050.0,In corporate strategy,Emissions reduction target,2030.0,Carbon dioxide and other GHGs,Yes,Yes,Yes,Annual reporting,Not Specified,Not Specified,No,Yes (unspecified),No,No,Infrastructure,22.33270374958051,9.046055177668327,Yes
USA,North America,No,Net zero,2050.0,In corporate strategy,Emissions reduction target,2030.0,Carbon dioxide and other GHGs,Yes,Yes,Yes,Annual reporting,Yes,Yes,No,No,No,No,Services,23.66380247508529,9.448963494138779,Yes
USA,North America,No,Emissions reduction target,2033.0,In corporate strategy,No target,2030.0,Carbon dioxide and other GHGs,Yes,Yes,Yes,Annual reporting,Yes,No,No,No,Yes,No,"Food, beverage & agriculture",8.787525625532906,9.23024103368252,Yes
ITA,Europe,No,Net zero,2050.0,In corporate strategy,Emissions reduction target,2030.0,Not Specified,Yes,Yes,No,Annual reporting,Not Specified,Not Specified,No,Not Specified,No,No,Services,9.616405300156314,9.454932254496262,Partial
USA,North America,No,Carbon neutral(ity),2035.0,In corporate strategy,No target,2030.0,Carbon dioxide and other GHGs,Yes,Yes,No,Annual reporting,No,Yes,No,Not Specified,No,No,Services,25.539992705004884,12.111767460549332,No
PHL,East Asia,No,Net zero,2050.0,In corporate strategy,Other,2025.0,Carbon dioxide only,Yes,Yes,Yes,Annual reporting,Not Specified,Not Specified,No,Not Specified,No,No,Manufacturing,22.446032434866087,10.171948578540798,Partial
USA,North America,No,Net zero,2030.0,Declaration / pledge,No target,2030.0,Not Specified,Not Specified,Not Specified,No,Annual reporting,No,No,No,No,No,No,Services,22.27082834587519,8.252185436003328,Not Specified
USA,North America,Yes,No target,2050.0,In corporate strategy,No target,2030.0,Carbon dioxide and other GHGs,Not Specified,Not Specified,No,Annual reporting,Yes,Not Specified,No,Not Specified,No,No,Manufacturing,23.596830476582692,10.833424746444134,No
MYS,East Asia,No,Net zero,2050.0,In corporate strategy,Net zero or similar,2030.0,Not Specified,Not Specified,Not Specified,No,Annual reporting,Not Specified,Not Specified,No,Not Specified,No,No,Services,21.416413018006356,9.105090961257085,Not Specified
USA,North America,No,Net zero,2050.0,In corporate strategy,Other,2035.0,Carbon dioxide and other GHGs,Yes,Yes,Yes,Annual reporting,Not Specified,Not Specified,No,Not Specified,No,No,Infrastructure,22.858851389362464,8.802973456578423,Yes
USA,North America,No,Emissions intensity target,2035.0,In corporate strategy,Emissions intensity target,2030.0,Carbon dioxide and other GHGs,Yes,Yes,Yes,Annual reporting,Not Specified,Not Specified,No,Yes (nature-based and CCS-based removals),No,No,Fossil Fuels,25.654258898730944,9.814710982145282,Partial
USA,North America,No,Net zero,2040.0,In corporate strategy,Emissions reduction target,2030.0,Carbon dioxide and other GHGs,Yes,Yes,No,Annual reporting,Not Specified,Yes,No,Not Specified,No,Yes,Materials,23.015800594187965,9.975854724662028,Yes
JPN,East Asia,No,Net zero,2035.0,In corporate strategy,Emissions intensity target,2030.0,Carbon dioxide and other GHGs,Yes,Yes,Yes,Annual reporting,Not Specified,Yes,No,No,No,No,Retail,23.45111866541016,10.919732210768808,Partial
LUX,Europe,No,Net zero,2050.0,In corporate strategy,Emissions reduction target,2030.0,Carbon dioxide and other GHGs,Yes,Yes,Yes,Annual reporting,Yes,Yes,No,"Yes (CCS-based removals e.g. BECCS, DACCS)",No,No,Materials,24.857535992056846,11.73939946418089,No
IDN,East Asia,No,Net zero,2026.0,In corporate strategy,Emissions reduction target,2030.0,Carbon dioxide and other GHGs,Yes,Yes,No,Annual reporting,No,No,No,"Yes (nature-based removals e.g. Forestation, soil carbon enhancement)",No,No,Services,22.97086662171335,9.888170848424235,Not Specified
JPN,East Asia,No,Carbon neutral(ity),2050.0,In corporate strategy,Emissions reduction target,2030.0,Carbon dioxide only,Yes,Yes,Yes,Annual reporting,Yes,Not Specified,No,Not Specified,Yes,No,Manufacturing,24.141320335707764,12.58883873584996,No
HKG,East Asia,No,Other,2060.0,In corporate strategy,No target,2030.0,Not Specified,Not Specified,Not Specified,No,Annual reporting,Not Specified,Not Specified,No,Not Specified,No,No,Services,23.579736043224365,11.039186869413498,Not Specified
CAN,North America,No,Net zero,2050.0,In corporate strategy,Emissions reduction target,2030.0,Carbon dioxide and other GHGs,Yes,Yes,Yes,Annual reporting,Yes,Yes,No,Not Specified,No,No,Manufacturing,24.48043458178239,12.04355959836804,Yes
MYS,East Asia,No,Net zero,2050.0,In corporate strategy,Net zero or similar,2030.0,Carbon dioxide and other GHGs,Yes,Yes,Yes,Annual reporting,Yes,Yes,No,No,No,No,Services,23.074641094205127,10.668978650219241,Partial
DEU,Europe,No,Net zero,2050.0,In corporate strategy,Other,2030.0,Carbon dioxide and other GHGs,Yes,Yes,Yes,Annual reporting,Yes,Yes,No,Not Specified,No,No,Services,23.96882254043489,11.110146745287372,Partial
CAN,North America,No,No target,2050.0,In corporate strategy,Emissions reduction target,2030.0,Carbon dioxide only,Yes,Yes,Yes,Annual reporting,Yes,Not Specified,No,"Yes (CCS-based removals e.g. BECCS, DACCS)",No,No,Services,24.790821424095416,10.889267032929894,Yes
USA,North America,No,Net zero,2050.0,In corporate strategy,Emissions reduction target,2030.0,Carbon dioxide and other GHGs,Yes,Yes,Yes,Annual reporting,Not Specified,No,No,"Yes (nature-based removals e.g. Forestation, soil carbon enhancement)",No,Yes,Services,22.682092211409294,9.152817185732516,Yes
CHN,East Asia,No,Absolute emissions target,2030.0,In corporate strategy,No target,2030.0,Carbon dioxide only,Yes,Yes,Yes,Annual reporting,Not Specified,Not Specified,No,Not Specified,No,No,Materials,23.78805764647856,9.65745912868446,Not Specified
HKG,East Asia,No,Other,2025.0,In corporate strategy,No target,2030.0,Not Specified,Yes,Yes,Yes,Annual reporting,Not Specified,Not Specified,No,Not Specified,No,No,Infrastructure,22.831416305384163,9.146121799649531,Not Specified
SAU,Western and Central Asia,No,No target,2050.0,In corporate strategy,No target,2030.0,Not Specified,Not Specified,Not Specified,No,Annual reporting,No,No,No,"Yes (nature-based removals e.g. Forestation, soil carbon enhancement)",No,No,Services,22.782249536851435,8.934455109403913,Not Specified
CHN,East Asia,No,Carbon neutral(ity),2060.0,Proposed / in discussion,Other,2030.0,Not Specified,Not Specified,Not Specified,No,Annual reporting,Not Specified,Not Specified,No,Not Specified,No,No,Power generation,24.24493892210479,10.937810177987854,Not Specified
CHN,East Asia,No,No target,2045.0,In corporate strategy,No target,2030.0,Not Specified,No,No,No,Annual reporting,Not Specified,Not Specified,No,Not Specified,No,No,"Biotech, health care & pharma",23.71223619524418,10.822195360925887,No
JPN,East Asia,No,Carbon neutral(ity),2050.0,In corporate strategy,Emissions reduction target,2030.0,Carbon dioxide only,Yes,Yes,Yes,Annual reporting,Not Specified,Not Specified,No,Not Specified,No,No,Transportation services,23.201231789138994,10.284762421843075,No
JPN,East Asia,No,Net zero,2050.0,In corporate strategy,Emissions reduction target,2030.0,Carbon dioxide and other GHGs,Yes,Yes,Yes,Annual reporting,Yes,Not Specified,No,Not Specified,No,No,Materials,23.336858827769007,10.890944791838075,Partial
USA,North America,No,No target,2050.0,In corporate strategy,No target,2030.0,Not Specified,No,No,No,Annual reporting,No,Not Specified,No,Not Specified,No,No,Services,23.98906341496218,10.376642461280849,No
USA,North America,No,Net zero,2040.0,In corporate strategy,Emissions reduction target,2030.0,Carbon dioxide only,Yes,Yes,Yes,Annual reporting,Not Specified,Yes,No,Not Specified,No,Yes,Services,22.598600229913675,7.810758116529357,Yes
BMU,Latin America and the Caribbean,No,No target,2050.0,In corporate strategy,No target,2030.0,Carbon dioxide and other GHGs,Yes,Yes,Yes,Less than annual reporting,Not Specified,Not Specified,No,Not Specified,No,No,Services,20.76919476978992,6.692083742506628,Yes
FRA,Europe,Yes,Emissions reduction target,2030.0,In corporate strategy,No target,2030.0,Not Specified,Yes,Yes,No,Annual reporting,Not Specified,Not Specified,No,Not Specified,No,No,Retail,24.72512954639263,10.933124826700707,Partial
USA,North America,No,1.5°C target,2030.0,In corporate strategy,Emissions reduction target,2025.0,Carbon dioxide and other GHGs,Yes,Yes,Yes,Annual reporting,Yes,Yes,No,Not Specified,No,No,Services,24.41029357772192,10.85516473308054,Partial
RUS,Europe,No,Emissions intensity target,2030.0,In corporate strategy,No target,2030.0,Carbon dioxide and other GHGs,Yes,Yes,Yes,Annual reporting,Not Specified,Not Specified,No,Yes (unspecified),No,No,Fossil Fuels,23.457828132653653,8.188966863648876,Yes
DEU,Europe,No,Climate neutral,2045.0,In corporate strategy,No target,2030.0,Carbon dioxide and other GHGs,Yes,Yes,Yes,Annual reporting,Yes,Yes,No,Not Specified,No,No,Infrastructure,21.883286754056645,7.251344983372214,Partial
USA,North America,Yes,Net zero,2040.0,In corporate strategy,Net zero or similar,2025.0,Carbon dioxide and other GHGs,Yes,Yes,No,Annual reporting,Not Specified,Yes,No,Not Specified,No,No,Services,24.451366004237666,9.754784507365798,Yes
USA,North America,No,Carbon neutral(ity),2050.0,In corporate strategy,No target,2030.0,Carbon dioxide only,Yes,Not Specified,Yes,Annual reporting,Yes,Not Specified,No,Not Specified,No,No,Power generation,23.35874534528547,9.350189267092581,Not Specified
GBR,Europe,No,Carbon neutral(ity),2026.0,In corporate strategy,No target,2030.0,Carbon dioxide and other GHGs,Yes,Yes,Yes,Annual reporting,Not Specified,Not Specified,No,No,No,No,Services,21.59873457471698,8.542665987389269,No
USA,North America,No,Net zero,2040.0,In corporate strategy,Emissions reduction target,2030.0,Carbon dioxide and other GHGs,Yes,Yes,Yes,Annual reporting,Yes,Not Specified,No,Not Specified,No,Yes,"Biotech, health care & pharma",24.876303745523447,11.302216779257382,Partial
USA,North America,No,Net zero,2030.0,In corporate strategy,No target,2030.0,Carbon dioxide and other GHGs,Yes,Yes,No,Annual reporting,Yes,Not Specified,No,Not Specified,No,No,Services,24.883803800252227,10.922352923113982,No
JPN,East Asia,No,Net zero,2050.0,Declaration / pledge,Emissions reduction target,2035.0,Carbon dioxide and other GHGs,Yes,Yes,Yes,Annual reporting,Not Specified,Yes,Yes,Yes (nature-based and CCS-based removals),No,No,Transportation services,23.15740536976843,9.189729418072059,Yes
KOR,East Asia,No,Net zero,2050.0,In corporate strategy,Emissions reduction target,2030.0,Carbon dioxide and other GHGs,Yes,Yes,Yes,Annual reporting,Yes,Yes,Yes,"Yes (CCS-based removals e.g. BECCS, DACCS)",No,No,Materials,22.328294041092697,5.278114659230517,Partial
CHE,Europe,No,Emissions intensity target,2027.0,In corporate strategy,Emissions intensity target,2024.0,Not Specified,Not Specified,Not Specified,Yes,Annual reporting,Yes,Not Specified,No,Not Specified,No,No,Services,9.761290146826328,9.458917724547202,Not Specified
FRA,Europe,No,Carbon neutral(ity),2040.0,In corporate strategy,Emissions reduction target,2030.0,Carbon dioxide only,Yes,Yes,Yes,Less than annual reporting,Not Specified,Not Specified,No,Yes (unspecified),No,No,"Food, beverage & agriculture",25.270796316832012,12.690814013819868,Partial
USA,North America,No,Net zero,2050.0,In corporate strategy,Emissions reduction target,2030.0,Carbon dioxide and other GHGs,Yes,Yes,Yes,Annual reporting,Not Specified,Yes,Yes,Not Specified,No,No,Services,24.98574851146008,10.714439990727769,Partial
USA,North America,No,Emissions reduction target,2035.0,In corporate strategy,No target,2030.0,Carbon dioxide and other GHGs,Yes,Yes,Yes,Annual reporting,Yes,Not Specified,No,"Yes (CCS-based removals e.g. BECCS, DACCS)",No,No,Fossil Fuels,23.839311276054744,10.778977123006351,Partial
IND,South Asia,No,Net zero,2070.0,In corporate strategy,No target,2050.0,Not Specified,Yes,Yes,Yes,Annual reporting,Not Specified,Not Specified,No,Not Specified,No,No,Services,23.447058145062854,11.236737086229661,Not Specified
USA,North America,No,Net zero,2050.0,In corporate strategy,Emissions reduction target,2030.0,Carbon dioxide only,Yes,Yes,Yes,Annual reporting,Not Specified,Not Specified,No,No,No,Yes,Manufacturing,24.252621870571694,11.150534214035387,No
KOR,East Asia,No,Net zero,2040.0,Declaration / pledge,Emissions reduction target,2030.0,Carbon dioxide and other GHGs,Yes,Yes,Yes,Annual reporting,Not Specified,Yes,No,Yes (unspecified),Yes,No,Services,24.432094966392473,8.158516244806831,No
GBR,Europe,No,Emissions reduction target,2030.0,In corporate strategy,No target,2030.0,Not Specified,Yes,Yes,No,Annual reporting,Yes,Not Specified,No,Not Specified,No,No,Services,0.0,8.484049972822984,No
COL,Latin America and the Caribbean,No,Net zero,2050.0,In corporate strategy,Emissions reduction target,2030.0,Carbon dioxide and other GHGs,Yes,Yes,Yes,Annual reporting,Not Specified,Yes,No,Yes (nature-based and CCS-based removals),No,No,Fossil Fuels,10.374147216543994,9.847128818866743,Yes
CAN,North America,No,Net zero,2050.0,In corporate strategy,Emissions intensity target,2030.0,Carbon dioxide and other GHGs,Yes,Yes,Yes,Annual reporting,Yes,Yes,Yes,Yes (nature-based and CCS-based removals),No,No,Fossil Fuels,24.348939215183186,9.332646496360152,No
KAZ,Western and Central Asia,No,Net zero,2060.0,In corporate strategy,Emissions reduction target,2030.0,Carbon dioxide and other GHGs,Yes,Yes,No,Annual reporting,Not Specified,Not Specified,No,"Yes (nature-based removals e.g. Forestation, soil carbon enhancement)",No,No,Services,22.059318981892435,9.74326011321524,Yes
ITA,Europe,No,Net zero,2050.0,In corporate strategy,Emissions reduction target,2030.0,Carbon dioxide and other GHGs,Yes,Yes,Yes,Annual reporting,Not Specified,Not Specified,No,Not Specified,No,No,Services,21.468530972243073,7.280697195384741,Yes
JPN,East Asia,No,Net zero,2030.0,In corporate strategy,Emissions reduction target,2027.0,Carbon dioxide only,Yes,Yes,No,Annual reporting,Not Specified,Not Specified,No,Not Specified,No,No,Services,20.869960216960774,7.776115477098742,No
MYS,East Asia,No,Net zero,2050.0,In corporate strategy,Net zero or similar,2030.0,Carbon dioxide and other GHGs,Yes,Yes,Yes,Annual reporting,Not Specified,Yes,No,Not Specified,No,Yes,Services,22.72474583729167,10.470674605967869,Yes
ARG,Latin America and the Caribbean,No,Emissions intensity target,2027.0,In corporate strategy,No target,2030.0,Carbon dioxide and other GHGs,Yes,Yes,No,No reporting mechanism,Not Specified,Not Specified,No,Not Specified,No,No,Fossil Fuels,23.687094561539016,9.635804166591036,Yes
USA,North America,No,Net zero,2045.0,In corporate strategy,Emissions reduction target,2030.0,Carbon dioxide and other GHGs,Yes,Yes,Yes,Annual reporting,Yes,Yes,No,"Yes (CCS-based removals e.g. BECCS, DACCS)",No,Yes,Manufacturing,23.588262805234866,11.19822841866684,Yes
SWE,Europe,No,Net zero,2050.0,In corporate strategy,Emissions reduction target,2030.0,Carbon dioxide only,Yes,Yes,Yes,Annual reporting,Yes,Yes,Yes,Not Specified,Yes,Yes,Materials,22.94344710379423,10.564731184083065,Yes
THA,East Asia,No,Net zero,2030.0,In corporate strategy,Emissions reduction target,2025.0,Carbon dioxide and other GHGs,Yes,Yes,Yes,Annual reporting,Yes,Yes,No,"Yes (nature-based removals e.g. Forestation, soil carbon enhancement)",No,No,Services,22.919156191380754,10.434145214930487,No
GBR,Europe,No,Emissions reduction target,2030.0,In corporate strategy,No target,2030.0,Not Specified,Yes,Yes,No,Annual reporting,Yes,Not Specified,No,Not Specified,No,No,Services,21.050408979000085,5.6131281063880705,Partial
USA,North America,No,Net zero,2050.0,In corporate strategy,Emissions reduction target,2024.0,Not Specified,Not Specified,Not Specified,No,Annual reporting,Not Specified,Not Specified,No,Not Specified,No,No,Manufacturing,22.728791695810667,10.08292996857924,Not Specified
JPN,East Asia,No,Carbon neutral(ity),2030.0,Declaration / pledge,Emissions reduction target,2030.0,Carbon dioxide only,Yes,Yes,No,No reporting mechanism,Not Specified,Not Specified,No,Not Specified,No,No,Services,7.247792581767846,8.433594167539924,No
USA,North America,No,Emissions reduction target,2030.0,In corporate strategy,No target,2030.0,Carbon dioxide and other GHGs,Yes,No,No,Annual reporting,Yes,No,No,Not Specified,No,No,Services,24.160473656163752,10.857093336791094,Partial
USA,North America,No,Net zero,2050.0,In corporate strategy,Net zero or similar,2027.0,Not Specified,Not Specified,Not Specified,No,Annual reporting,No,No,No,"Yes (nature-based removals e.g. Forestation, soil carbon enhancement)",No,No,Services,22.390972657693165,9.179984251961283,Not Specified
CHL,Latin America and the Caribbean,No,No target,2040.0,In corporate strategy,No target,2030.0,Not Specified,Not Specified,Not Specified,No,Annual reporting,Not Specified,Not Specified,No,Not Specified,Yes,No,Retail,9.778887584302797,11.707875281913656,Not Specified
CAN,North America,No,Net zero,2050.0,In corporate strategy,Emissions reduction target,2035.0,Carbon dioxide and other GHGs,Yes,Yes,Yes,Annual reporting,Yes,Yes,No,"Yes (CCS-based removals e.g. BECCS, DACCS)",No,No,Fossil Fuels,24.585741391556958,8.699348067653093,No
JPN,East Asia,No,Carbon neutral(ity),2050.0,In corporate strategy,Emissions reduction target,2031.0,Carbon dioxide only,Not Specified,Not Specified,Yes,Less than annual reporting,Not Specified,Yes,No,"Yes (nature-based removals e.g. Forestation, soil carbon enhancement)",No,No,Power generation,23.029444465550228,9.455401958591324,Not Specified
CHN,East Asia,No,No target,2050.0,In corporate strategy,No target,2030.0,Not Specified,Not Specified,Not Specified,No,Annual reporting,Not Specified,Not Specified,No,Not Specified,No,No,Services,22.271891610196295,9.596078849900314,Not Specified
NLD,Europe,No,Net zero,2050.0,In corporate strategy,Emissions reduction target,2030.0,Carbon dioxide and other GHGs,Yes,Yes,No,Annual reporting,Yes,Not Specified,No,No,No,No,Services,22.4691558726905,9.875859385418654,Yes
CAN,North America,No,Emissions intensity target,2030.0,In corporate strategy,No target,2030.0,Carbon dioxide and other GHGs,Yes,Yes,Yes,Annual reporting,Not Specified,Not Specified,No,"Yes (CCS-based removals e.g. BECCS, DACCS)",No,No,Materials,23.979745684250503,10.146472946063877,No
FRA,Europe,No,Emissions reduction target,2050.0,In corporate strategy,Emissions reduction target,2030.0,Carbon dioxide and other GHGs,Yes,Yes,Yes,No reporting mechanism,Not Specified,Yes,No,Yes (unspecified),No,No,Materials,23.177197682520937,9.949655233381135,Yes
USA,North America,No,Net zero,2045.0,In corporate strategy,Emissions reduction target,2030.0,Carbon dioxide and other GHGs,Yes,Yes,No,Annual reporting,No,Yes,No,Not Specified,No,No,"Biotech, health care & pharma",24.877340503391977,11.225256725762893,Yes
ARE,Western and Central Asia,No,Net zero,2050.0,Declaration / pledge,No target,2030.0,Not Specified,Not Specified,Not Specified,No,Annual reporting,Not Specified,Not Specified,No,Not Specified,No,No,Services,22.602883546848798,9.754784507365798,Not Specified
DEU,Europe,No,Net zero,2050.0,In corporate strategy,Emissions reduction target,2030.0,Not Specified,Yes,Yes,Yes,Annual reporting,Not Specified,Yes,No,Not Specified,No,Yes,Services,24.98649485896875,11.404827873602516,Yes
CHE,Europe,No,Net zero,2050.0,In corporate strategy,Emissions reduction target,2030.0,Carbon dioxide and other GHGs,Yes,Yes,No,Annual reporting,Not Specified,Not Specified,No,Yes (nature-based and CCS-based removals),No,Yes,"Food, beverage & agriculture",22.549265689490223,9.61587214452889,Yes
HKG,East Asia,No,No target,2050.0,In corporate strategy,No target,2030.0,Not Specified,Yes,Yes,Yes,Annual reporting,Not Specified,Not Specified,No,"Yes (nature-based removals e.g. Forestation, soil carbon enhancement)",No,No,Infrastructure,24.404062714892195,11.094162328718074,Partial
USA,North America,No,Emissions reduction target,2030.0,Declaration / pledge,No target,2030.0,Carbon dioxide and other GHGs,Yes,Yes,Yes,No reporting mechanism,No,Not Specified,No,No,No,No,Services,23.865519763206354,9.692828247710418,No
FRA,Europe,No,Net zero,2030.0,In corporate strategy,No target,2030.0,Carbon dioxide only,Yes,Yes,Yes,Annual reporting,Yes,Yes,No,"Yes (nature-based removals e.g. Forestation, soil carbon enhancement)",No,No,Services,21.311052502404085,7.004881989712859,Not Specified
SAU,Western and Central Asia,No,No target,2050.0,In corporate strategy,No target,2030.0,Not Specified,Not Specified,Not Specified,No,No reporting mechanism,Not Specified,Not Specified,No,Not Specified,No,No,Services,23.489459152160233,10.061559107106623,Not Specified
USA,North America,No,No target,2045.0,In corporate strategy,No target,2030.0,Not Specified,Yes,Yes,No,Annual reporting,Not Specified,Not Specified,No,Not Specified,No,No,"Biotech, health care & pharma",21.533306769422694,7.7102051944325325,Yes
ITA,Europe,No,Carbon neutral(ity),2050.0,In corporate strategy,Emissions intensity target,2026.0,Carbon dioxide only,Not Specified,Not Specified,Yes,Annual reporting,Not Specified,Not Specified,No,"Yes (nature-based removals e.g. Forestation, soil carbon enhancement)",No,Yes,Services,22.541180263813683,8.602269363771356,Not Specified
THA,East Asia,No,Net zero,2050.0,In corporate strategy,Absolute emissions target,2024.0,Carbon dioxide and other GHGs,Yes,Yes,Yes,Annual reporting,Yes,Yes,No,Yes (nature-based and CCS-based removals),No,No,Power generation,25.1957385682128,8.181720455128108,Partial
CHE,Europe,No,Net zero,2050.0,In corporate strategy,Emissions reduction target,2026.0,Carbon dioxide and other GHGs,Yes,Yes,Yes,Annual reporting,Yes,Not Specified,No,"Yes (CCS-based removals e.g. BECCS, DACCS)",No,No,Materials,26.165817737602833,11.918397239722838,Yes
USA,North America,No,Net zero,2050.0,In corporate strategy,Emissions reduction target,2030.0,Carbon dioxide and other GHGs,Yes,Yes,Yes,Annual reporting,Not Specified,Yes,No,Yes (unspecified),No,No,"Food, beverage & agriculture",22.629246450413167,9.55400099583723,Yes
JPN,East Asia,No,Net zero,2050.0,In corporate strategy,Emissions reduction target,2030.0,Carbon dioxide only,Yes,Yes,Yes,Annual reporting,Not Specified,Not Specified,No,Not Specified,Yes,No,Infrastructure,23.635616501615697,9.81454704323948,Yes
USA,North America,No,Net zero,2050.0,In corporate strategy,Emissions reduction target,2030.0,Carbon dioxide and other GHGs,Yes,Yes,No,Annual reporting,Yes,Yes,No,No,No,Yes,Retail,22.35250637687277,8.630700432209832,Yes
KOR,East Asia,No,Emissions reduction target,2030.0,In corporate strategy,No target,2030.0,Carbon dioxide and other GHGs,Yes,Yes,Yes,Annual reporting,Not Specified,No,No,Not Specified,No,No,Services,21.63835584864453,7.850103545175582,No
DEU,Europe,No,Net zero,2050.0,In corporate strategy,Emissions reduction target,2030.0,Carbon dioxide and other GHGs,Yes,Yes,Yes,Annual reporting,Yes,Not Specified,No,"Yes (CCS-based removals e.g. BECCS, DACCS)",No,No,Services,22.75443583008373,9.648337205086833,Yes
IND,South Asia,No,Net zero,2040.0,In corporate strategy,Emissions intensity target,2025.0,Carbon dioxide and other GHGs,Yes,Yes,Yes,Annual reporting,Yes,No,No,"Yes (nature-based removals e.g. Forestation, soil carbon enhancement)",No,No,Transportation services,21.96221961045728,8.105911197986508,Yes
RUS,Europe,No,No target,2050.0,In corporate strategy,No target,2030.0,Not Specified,Yes,Yes,Yes,Annual reporting,Not Specified,Yes,No,"Yes (nature-based removals e.g. Forestation, soil carbon enhancement)",No,No,Services,20.45014391714002,7.700295203420117,Yes
USA,North America,No,Emissions reduction target,2030.0,In corporate strategy,No target,2030.0,Not Specified,Yes,Yes,Yes,Annual reporting,Not Specified,Not Specified,No,Not Specified,No,No,Retail,23.13515366492055,11.112462823634855,Partial
USA,North America,No,Emissions intensity target,2030.0,Declaration / pledge,No target,2030.0,Carbon dioxide and other GHGs,Yes,Yes,Yes,Annual reporting,Yes,Not Specified,No,Yes (unspecified),Yes,No,Fossil Fuels,24.07614794169733,8.575084669832014,Not Specified
CHN,East Asia,No,Carbon neutral(ity),2030.0,In corporate strategy,Emissions intensity target,2030.0,Carbon dioxide and other GHGs,Yes,Yes,Yes,Annual reporting,Yes,Not Specified,No,Yes (nature-based and CCS-based removals),No,Yes,Retail,25.264430692969253,11.532326050674204,Yes
DEU,Europe,No,Carbon neutral(ity),2050.0,In corporate strategy,Emissions reduction target,2030.0,Carbon dioxide and other GHGs,Yes,Yes,Yes,Annual reporting,Yes,Yes,No,"Yes (nature-based removals e.g. Forestation, soil carbon enhancement)",No,No,Manufacturing,26.58455335924529,13.429072776684539,Partial
JPN,East Asia,No,Net zero,2040.0,In corporate strategy,Emissions reduction target,2025.0,Not Specified,Yes,Yes,Yes,Annual reporting,Not Specified,Not Specified,No,Not Specified,No,No,Services,23.678228198009272,9.468851067127684,No
USA,North America,No,Net zero,2040.0,In corporate strategy,Emissions reduction target,2030.0,Carbon dioxide and other GHGs,Yes,Yes,Yes,Annual reporting,Yes,No,No,Not Specified,No,Yes,Retail,24.449633735495418,11.350418300109132,Partial
TWN,East Asia,No,Emissions reduction target,2030.0,In corporate strategy,Emissions reduction target,2025.0,Not Specified,Yes,Yes,Yes,Annual reporting,Not Specified,No,No,No,No,No,Materials,23.035801260892637,12.79101638425559,No
USA,North America,No,Net zero,2050.0,In corporate strategy,No target,2030.0,Not Specified,Not Specified,Not Specified,No,Annual reporting,Not Specified,Not Specified,No,Not Specified,No,Yes,Services,21.59873457471698,8.665785595466064,Not Specified
CAN,North America,No,Carbon neutral(ity),2030.0,In corporate strategy,Emissions reduction target,2025.0,Carbon dioxide and other GHGs,Yes,Yes,No,Annual reporting,Yes,Not Specified,No,Yes (unspecified),No,No,"Food, beverage & agriculture",25.03114796035095,11.91170829631447,No
USA,North America,No,Net zero,2040.0,In corporate strategy,No target,2030.0,Carbon dioxide and other GHGs,Yes,Yes,No,No reporting mechanism,Not Specified,Not Specified,No,No,No,Yes,Materials,23.12116110983569,10.432644132986843,Yes
CYP,Europe,No,Net zero,2050.0,In corporate strategy,Emissions reduction target,2030.0,Carbon dioxide and other GHGs,Yes,Yes,Yes,Annual reporting,Yes,Yes,Yes,Yes (nature-based and CCS-based removals),No,Yes,Materials,23.191365368502776,10.432644132986843,Partial
KOR,East Asia,No,Net zero,2050.0,In corporate strategy,Emissions reduction target,2030.0,Carbon dioxide and other GHGs,Yes,Yes,No,Annual reporting,Not Specified,Yes,No,Not Specified,No,No,Materials,23.570498102239963,8.459987717645458,Not Specified
RUS,Europe,No,Emissions intensity target,2050.0,Proposed / in discussion,Emissions reduction target,2030.0,Carbon dioxide and other GHGs,Yes,Yes,No,Annual reporting,Not Specified,Not Specified,No,"Yes (nature-based removals e.g. Forestation, soil carbon enhancement)",Yes,No,"Food, beverage & agriculture",9.974644746852457,12.663503821662944,Yes
LUX,Europe,No,Emissions intensity target,2030.0,In corporate strategy,No target,2030.0,Carbon dioxide and other GHGs,Yes,Yes,Yes,Annual reporting,Not Specified,Not Specified,No,Not Specified,No,No,Materials,23.326992022150392,10.138282956590785,Partial
JPN,East Asia,No,Carbon neutral(ity),2045.0,In corporate strategy,Emissions reduction target,2030.0,Not Specified,Yes,Yes,Yes,Annual reporting,Not Specified,Not Specified,No,Not Specified,No,No,Services,22.995391722558843,10.949472323803551,Yes
JPN,East Asia,No,Carbon neutral(ity),2030.0,In corporate strategy,Emissions reduction target,2024.0,Carbon dioxide only,Yes,Yes,Yes,Annual reporting,Yes,Not Specified,No,Not Specified,No,No,Services,22.65464231065533,7.790282380703483,Partial
CHN,East Asia,No,No target,2050.0,In corporate strategy,No target,2030.0,Carbon dioxide and other GHGs,Not Specified,Not Specified,No,No reporting mechanism,Not Specified,Not Specified,No,Not Specified,No,No,Power generation,23.06276128405693,9.921130987708723,Not Specified
CHN,East Asia,No,Carbon neutral(ity),2060.0,In corporate strategy,No target,2030.0,Carbon dioxide and other GHGs,Not Specified,Not Specified,No,Annual reporting,Yes,Yes,No,Not Specified,No,No,Services,25.05173345453892,11.469464574959359,Not Specified
USA,North America,No,Net zero,2050.0,In corporate strategy,No target,2030.0,Carbon dioxide and other GHGs,Yes,Yes,No,Annual reporting,No,Not Specified,No,"Yes (CCS-based removals e.g. BECCS, DACCS)",No,No,Fossil Fuels,22.3719244627261,10.085850775128717,No
CHN,East Asia,No,Carbon neutral(ity),2058.0,In corporate strategy,Emissions intensity target,2025.0,Carbon dioxide and other GHGs,Yes,Yes,No,Annual reporting,Not Specified,Not Specified,Yes,Not Specified,No,No,Retail,22.483190582826506,10.113140513667839,Not Specified
KOR,East Asia,No,Carbon neutral(ity),2050.0,In corporate strategy,Emissions reduction target,2030.0,Carbon dioxide and other GHGs,Yes,Yes,Yes,Annual reporting,Yes,Yes,No,"Yes (nature-based removals e.g. Forestation, soil carbon enhancement)",No,No,"Food, beverage & agriculture",23.79266670047205,9.03455739202181,Yes
KOR,East Asia,No,Emissions reduction target,2030.0,In corporate strategy,Other,2025.0,Carbon dioxide and other GHGs,Yes,Yes,Yes,Annual reporting,Yes,Not Specified,No,Not Specified,No,No,Services,23.310804282896186,7.53955882930103,Partial
FIN,Europe,No,Net zero,2050.0,In corporate strategy,Emissions reduction target,2034.0,Carbon dioxide and other GHGs,Yes,Yes,Yes,Annual reporting,No,No,Yes,No,No,Yes,"Food, beverage & agriculture",9.464594918315445,9.815202637668557,Yes
USA,North America,No,Net zero,2040.0,In corporate strategy,Emissions reduction target,2025.0,Carbon dioxide and other GHGs,Yes,Yes,Yes,Annual reporting,Yes,Yes,No,"Yes (nature-based removals e.g. Forestation, soil carbon enhancement)",No,Yes,Services,10.245657810271979,10.471666571132038,Yes
JPN,East Asia,No,Carbon neutral(ity),2023.0,Declaration / pledge,No target,2030.0,Carbon dioxide and other GHGs,Yes,Yes,Yes,Annual reporting,Yes,Yes,No,Not Specified,No,No,Services,23.408252098518293,10.37598806198045,No
CHN,East Asia,No,No target,2050.0,In corporate strategy,No target,2030.0,Not Specified,Not Specified,Not Specified,No,No reporting mechanism,Not Specified,Not Specified,No,Not Specified,No,No,Services,22.160015641792494,8.68084148294457,Not Specified
JPN,East Asia,No,Carbon neutral(ity),2030.0,In corporate strategy,No target,2030.0,Carbon dioxide only,Yes,Yes,Yes,Annual reporting,Not Specified,Not Specified,No,Not Specified,No,No,Services,20.68867439321199,7.858640655620791,Partial
CHN,East Asia,No,No target,2050.0,In corporate strategy,No target,2030.0,Not Specified,Not Specified,Not Specified,No,Annual reporting,Not Specified,Not Specified,No,No,No,No,Manufacturing,21.511723197765228,10.833424746444134,Not Specified
USA,North America,No,Net zero,2050.0,Proposed / in discussion,Emissions reduction target,2030.0,Carbon dioxide and other GHGs,Yes,Yes,Yes,Annual reporting,Not Specified,Not Specified,No,No,No,No,"Biotech, health care & pharma",22.761755167425044,9.741027444837728,Yes
ISR,Western and Central Asia,No,Emissions reduction target,2030.0,In corporate strategy,No target,2030.0,Carbon dioxide and other GHGs,Yes,Yes,No,Annual reporting,Yes,Yes,No,Not Specified,No,No,Fossil Fuels,21.511723197765228,7.579678823090456,No
USA,North America,No,Net zero,2050.0,In corporate strategy,Emissions reduction target,2030.0,Carbon dioxide and other GHGs,Yes,Yes,Yes,Annual reporting,Not Specified,Yes,No,Not Specified,No,Yes,"Biotech, health care & pharma",23.579736043224365,11.157592477348064,Yes
FRA,Europe,No,Net zero,2050.0,In corporate strategy,Emissions reduction target,2027.0,Carbon dioxide and other GHGs,Yes,Yes,Yes,Annual reporting,Not Specified,Yes,No,Yes (nature-based and CCS-based removals),No,Yes,Infrastructure,24.601587270722227,12.278588636868909,Not Specified
USA,North America,No,Net zero,2050.0,In corporate strategy,Emissions reduction target,2030.0,Carbon dioxide and other GHGs,Yes,Yes,Yes,Annual reporting,Yes,Not Specified,No,Not Specified,No,Yes,Manufacturing,23.376507801624047,11.050905878263567,Partial
ESP,Europe,Yes,No target,2050.0,In corporate strategy,Emissions reduction target,2030.0,Carbon dioxide and other GHGs,Not Specified,Not Specified,Yes,Annual reporting,Not Specified,Not Specified,No,Not Specified,No,No,Retail,24.05547034715733,10.933124826700707,Not Specified
ZAF,Africa,No,Net zero,2040.0,In corporate strategy,Emissions reduction target,2030.0,Carbon dioxide and other GHGs,Yes,Yes,No,Annual reporting,Yes,Not Specified,Yes,Not Specified,No,Yes,Services,23.05103122856827,9.848608891026139,Yes
SWE,Europe,Yes,Net zero,2050.0,In corporate strategy,Absolute emissions target,2030.0,Carbon dioxide and other GHGs,Yes,Yes,Yes,Annual reporting,Yes,No,No,"Yes (nature-based removals e.g. Forestation, soil carbon enhancement)",No,No,Retail,24.53877794201574,12.296831574998258,Yes
CHN,East Asia,No,No target,2050.0,In corporate strategy,No target,2030.0,Not Specified,Not Specified,Not Specified,No,Annual reporting,Not Specified,Not Specified,No,Not Specified,No,No,Infrastructure,25.806097753928263,12.602698804971133,Not Specified
USA,North America,No,Net zero,2040.0,In corporate strategy,Emissions reduction target,2030.0,Carbon dioxide and other GHGs,Yes,Yes,Yes,Annual reporting,Not Specified,Not Specified,Yes,Not Specified,No,No,Services,22.892090939875246,9.518339645190858,Partial
USA,North America,No,Net zero,2050.0,In corporate strategy,Emissions reduction target,2030.0,Carbon dioxide and other GHGs,Yes,Yes,Yes,Annual reporting,Yes,Yes,No,Yes (nature-based and CCS-based removals),No,Yes,"Food, beverage & agriculture",25.239845217496903,12.672949516558306,Yes
USA,North America,No,Net zero,2050.0,In corporate strategy,Emissions intensity target,2030.0,Carbon dioxide and other GHGs,Yes,Yes,Yes,Annual reporting,Yes,Yes,No,"Yes (CCS-based removals e.g. BECCS, DACCS)",No,No,Fossil Fuels,26.69748757762193,11.034905792929415,No
GBR,Europe,No,Emissions reduction target,2030.0,In corporate strategy,Emissions reduction target,2030.0,Carbon dioxide only,Yes,Yes,Yes,Annual reporting,Not Specified,Yes,No,Yes (unspecified),No,No,Manufacturing,24.0590354133217,11.058795184880783,No
LUX,Europe,No,Net zero,2030.0,In corporate strategy,Emissions reduction target,2030.0,Carbon dioxide only,Yes,Yes,Yes,Annual reporting,Not Specified,Yes,No,Not Specified,No,Yes,Services,23.553592666141753,7.993282328101591,Yes
JPN,East Asia,No,Net zero,2050.0,In corporate strategy,Emissions reduction target,2030.0,Carbon dioxide and other GHGs,Yes,Yes,Yes,Annual reporting,Not Specified,Not Specified,No,"Yes (nature-based removals e.g. Forestation, soil carbon enhancement)",No,Yes,"Food, beverage & agriculture",23.030937969088505,10.459181373890983,Yes
CHN,East Asia,No,No target,2050.0,In corporate strategy,No target,2030.0,Not Specified,Not Specified,Not Specified,No,Annual reporting,Not Specified,Not Specified,No,Not Specified,No,No,Manufacturing,24.17854096617081,10.55323128448846,Not Specified
ARE,Western and Central Asia,No,Net zero,2050.0,In corporate strategy,Emissions reduction target,2030.0,Carbon dioxide and other GHGs,Yes,Yes,No,Annual reporting,Not Specified,Not Specified,No,Not Specified,Yes,No,Infrastructure,25.294374860997642,8.97297111339799,Yes
USA,North America,No,Net zero,2050.0,Declaration / pledge,Emissions reduction target,2030.0,Carbon dioxide and other GHGs,Yes,Yes,No,Annual reporting,Yes,Not Specified,No,Not Specified,No,No,Services,22.781866712882028,9.19023970026918,Not Specified
GBR,Europe,No,Net zero,2050.0,Declaration / pledge,Net zero or similar,2025.0,Carbon dioxide and other GHGs,Yes,Yes,Yes,Annual reporting,Yes,Yes,No,No,No,No,Services,8.360305435879093,6.946013991099227,Yes
USA,North America,No,Net zero,2040.0,In corporate strategy,Emissions reduction target,2030.0,Carbon dioxide and other GHGs,Yes,Yes,Yes,Annual reporting,Yes,Not Specified,No,No,No,Yes,Retail,24.161983769387852,11.0186455364637,Yes
USA,North America,No,Net zero,2050.0,Declaration / pledge,Emissions reduction target,2030.0,Carbon dioxide and other GHGs,Yes,Yes,No,Annual reporting,Not Specified,Not Specified,No,Not Specified,No,Yes,Retail,25.150182181768304,12.506180941677357,Yes
HKG,East Asia,No,Zero emissions,2050.0,In corporate strategy,Emissions intensity target,2030.0,Carbon dioxide and other GHGs,Yes,Yes,Yes,Annual reporting,Not Specified,Yes,No,Yes (nature-based and CCS-based removals),No,No,"Food, beverage & agriculture",24.060351273176863,11.552155793461898,Yes
JPN,East Asia,No,Carbon neutral(ity),2030.0,In corporate strategy,No target,2030.0,Carbon dioxide only,Yes,Yes,Yes,Annual reporting,No,Yes,No,Yes (unspecified),No,No,Services,20.48500864909119,7.804659297056102,No
CHN,East Asia,No,Zero carbon,2060.0,In corporate strategy,Net zero or similar,2030.0,Carbon dioxide only,Yes,Yes,Yes,Annual reporting,Not Specified,Not Specified,No,Yes (nature-based and CCS-based removals),No,No,"Food, beverage & agriculture",23.099380163321484,10.13193700264052,Partial
ESP,Europe,No,Net zero,2045.0,In corporate strategy,Emissions reduction target,2030.0,Carbon dioxide only,Yes,Yes,Yes,Annual reporting,Not Specified,Yes,No,Not Specified,No,No,Infrastructure,19.836533909740986,5.303304908059076,Yes
USA,North America,Yes,Science-based target,2025.0,Achieved (self-declared),No target,2030.0,Not Specified,Yes,Yes,Yes,Annual reporting,Not Specified,Not Specified,No,"Yes (nature-based removals e.g. Forestation, soil carbon enhancement)",No,No,"Food, beverage & agriculture",25.6240862650429,11.982935344196433,Yes
DEU,Europe,No,Net zero,2035.0,Declaration / pledge,Emissions reduction target,2025.0,Not Specified,Yes,Yes,No,Less than annual reporting,No,No,No,Not Specified,No,No,Materials,23.597282351872778,9.79734895647446,Partial
HKG,East Asia,No,Emissions reduction target,2030.0,In corporate strategy,Emissions reduction target,2026.0,Carbon dioxide and other GHGs,Yes,Yes,No,Annual reporting,Not Specified,Not Specified,No,Not Specified,No,No,"Biotech, health care & pharma",22.214820708948817,10.064798252418377,Not Specified
DEU,Europe,Yes,Net zero,2045.0,In corporate strategy,Emissions reduction target,2028.0,Carbon dioxide and other GHGs,Yes,Yes,No,Less than annual reporting,Not Specified,Not Specified,No,Not Specified,No,No,Retail,24.51085876401903,10.933124826700707,Yes
CHN,East Asia,No,Emissions intensity target,2031.0,In corporate strategy,No target,2030.0,Carbon dioxide and other GHGs,Yes,Yes,Yes,Annual reporting,Not Specified,Not Specified,No,Not Specified,No,No,Retail,22.73816885762201,8.607033895416027,Yes
USA,North America,No,Emissions reduction target,2050.0,In corporate strategy,Emissions reduction target,2035.0,Carbon dioxide and other GHGs,Yes,Yes,No,Annual reporting,Not Specified,Not Specified,No,Yes (nature-based and CCS-based removals),No,No,"Food, beverage & agriculture",25.171782212900823,10.692944413233482,Yes
BEL,Europe,No,Carbon neutral(ity),2050.0,In corporate strategy,Emissions reduction target,2030.0,Carbon dioxide and other GHGs,Yes,Yes,Yes,Annual reporting,Yes,Yes,No,Not Specified,No,No,Materials,23.014992186706674,9.116688815894728,Partial
GBR,Europe,No,Net zero,2050.0,In corporate strategy,Emissions reduction target,2025.0,Carbon dioxide and other GHGs,Yes,Yes,Yes,Annual reporting,Yes,Yes,No,Yes (nature-based and CCS-based removals),No,No,Materials,24.736689528262765,10.891670947434848,No
CHE,Europe,No,Net zero,2050.0,In corporate strategy,Emissions reduction target,2025.0,Carbon dioxide and other GHGs,Yes,Yes,Yes,Annual reporting,Yes,Yes,No,Not Specified,No,Yes,Services,24.96574300668458,10.897313234903,Yes
TWN,East Asia,No,Emissions reduction target,2032.0,In corporate strategy,No target,2032.0,Carbon dioxide and other GHGs,Yes,Yes,Yes,Annual reporting,Yes,Not Specified,No,No,No,No,Services,22.255822705260538,9.187174093944343,Partial
USA,North America,No,Emissions reduction target,2032.0,Declaration / pledge,No target,2030.0,Not Specified,Yes,Yes,Yes,Annual reporting,Not Specified,Not Specified,No,Not Specified,No,No,Services,21.767773866973187,8.97055917950895,Partial
JPN,East Asia,No,GHG neutral(ity),2046.0,In corporate strategy,Emissions reduction target,2031.0,Carbon dioxide only,Yes,Yes,Yes,Annual reporting,Not Specified,Not Specified,No,"Yes (CCS-based removals e.g. BECCS, DACCS)",No,No,Materials,23.355154677155,10.255094676741612,Not Specified
SAU,Western and Central Asia,No,No target,2050.0,Proposed / in discussion,Emissions reduction target,2026.0,Carbon dioxide only,Yes,Yes,Yes,Annual reporting,Yes,Not Specified,No,Not Specified,No,No,Services,22.33609798264785,8.216088098632316,Partial
FRA,Europe,No,Net zero,2040.0,In corporate strategy,Emissions reduction target,2025.0,Carbon dioxide and other GHGs,Yes,Yes,Yes,Annual reporting,Yes,Yes,Yes,"Yes (nature-based removals e.g. Forestation, soil carbon enhancement)",No,Yes,Services,24.49715257789174,11.75123345280421,Yes
RUS,Europe,No,No target,2050.0,In corporate strategy,No target,2030.0,Not Specified,No,No,No,No reporting mechanism,No,No,No,No,No,No,Fossil Fuels,9.554497291355943,6.39024066706535,No
COL,Latin America and the Caribbean,No,No target,2050.0,In corporate strategy,No target,2030.0,Carbon dioxide and other GHGs,Not Specified,Not Specified,No,Annual reporting,Not Specified,Not Specified,No,Not Specified,No,No,Services,22.85149754291473,10.152142893019061,Not Specified
POL,Europe,No,No target,2050.0,In corporate strategy,No target,2030.0,Carbon dioxide and other GHGs,No,No,No,Less than annual reporting,No,Not Specified,No,Not Specified,No,No,Fossil Fuels,23.629784310010237,10.110867508670859,No
HKG,East Asia,No,Net zero,2050.0,In corporate strategy,Emissions reduction target,2035.0,Carbon dioxide and other GHGs,Yes,Yes,Yes,Annual reporting,Yes,Not Specified,No,Not Specified,No,No,Services,24.308366856612906,12.6410997921206,Yes
IND,South Asia,No,Net zero,2045.0,In corporate strategy,Other,2030.0,Carbon dioxide and other GHGs,Yes,Yes,Yes,Annual reporting,Yes,Not Specified,No,"Yes (nature-based removals e.g. Forestation, soil carbon enhancement)",No,No,Materials,23.997122150177937,11.268583813139838,Yes
SWE,Europe,No,Net zero,2040.0,In corporate strategy,Emissions reduction target,2030.0,Carbon dioxide and other GHGs,Yes,Yes,Yes,Annual reporting,Yes,Yes,No,No,No,Yes,Services,22.834690424600364,9.732877151670184,Yes
CHN,East Asia,No,No target,2050.0,In corporate strategy,No target,2030.0,Not Specified,Not Specified,Not Specified,No,Annual reporting,Not Specified,Not Specified,No,Not Specified,No,No,Power generation,23.21647128963175,9.850561346726723,Not Specified
HKG,East Asia,No,Carbon neutral(ity),2050.0,In corporate strategy,Other,2030.0,Carbon dioxide and other GHGs,Yes,Yes,Yes,Annual reporting,Yes,Yes,No,Not Specified,No,No,"Food, beverage & agriculture",23.234570960670105,10.62135173563291,Yes
THA,East Asia,No,Net zero,2050.0,Declaration / pledge,Emissions reduction target,2025.0,Carbon dioxide and other GHGs,Yes,Yes,Yes,Annual reporting,Yes,Not Specified,No,Yes (unspecified),No,No,"Food, beverage & agriculture",23.586152197224077,10.057838212366052,Yes
USA,North America,No,Science-based target,2050.0,In corporate strategy,Emissions reduction target,2030.0,Carbon dioxide and other GHGs,Yes,Yes,Yes,Annual reporting,Not Specified,Not Specified,No,Not Specified,No,No,Chemicals,23.922469426057887,11.026808713825016,Yes
JPN,East Asia,No,Carbon neutral(ity),2035.0,In corporate strategy,Emissions reduction target,2030.0,Carbon dioxide only,Yes,Yes,Yes,Annual reporting,Yes,Not Specified,No,Yes (unspecified),No,No,Materials,23.29205397079174,10.818457412442868,Yes
USA,North America,No,Net zero,2050.0,In corporate strategy,Emissions reduction target,2030.0,Carbon dioxide and other GHGs,Yes,Yes,Yes,Annual reporting,Yes,Yes,No,Yes (unspecified),No,No,Infrastructure,22.59506801400185,9.148571345578551,No
ARE,Western and Central Asia,No,Net zero,2050.0,In corporate strategy,Emissions reduction target,2030.0,Carbon dioxide and other GHGs,Yes,Yes,Yes,Annual reporting,Yes,Yes,No,Not Specified,No,Yes,Transportation services,22.72474583729167,10.933124826700707,Yes
DEU,Europe,No,Net zero,2050.0,In corporate strategy,Emissions reduction target,2030.0,Carbon dioxide and other GHGs,Yes,Yes,No,Annual reporting,Yes,Yes,No,Not Specified,No,No,Materials,24.980168494580127,11.624672543052801,Partial
FRA,Europe,No,Carbon neutral(ity),2050.0,In corporate strategy,Emissions reduction target,2025.0,Carbon dioxide and other GHGs,Yes,Yes,Yes,Annual reporting,Not Specified,Not Specified,No,Not Specified,No,Yes,Services,24.670269811289113,8.629092283913646,Not Specified
AUS,Oceania,No,Net zero,2050.0,In corporate strategy,Emissions reduction target,2030.0,Carbon dioxide and other GHGs,Yes,Yes,Yes,Annual reporting,Yes,Yes,No,"Yes (nature-based removals e.g. Forestation, soil carbon enhancement)",No,No,Transportation services,23.42570029933003,10.043292972227004,Yes
USA,North America,Yes,Science-based target,2030.0,In corporate strategy,Emissions reduction target,2030.0,Carbon dioxide and other GHGs,Yes,Yes,No,Annual reporting,Not Specified,Not Specified,No,Not Specified,No,No,Services,24.617124871767253,9.754784507365798,Not Specified
BRA,Latin America and the Caribbean,No,Emissions reduction target,2030.0,In corporate strategy,Other,2024.0,Carbon dioxide and other GHGs,Yes,Yes,Yes,Annual reporting,Yes,Yes,No,Not Specified,No,Yes,Services,24.711805340290063,11.361567548413387,No
CHN,East Asia,No,Net zero,2055.0,In corporate strategy,Other,2025.0,Carbon dioxide and other GHGs,Yes,Yes,Yes,Annual reporting,Yes,Yes,No,"Yes (CCS-based removals e.g. BECCS, DACCS)",No,No,Materials,23.22470178876759,10.685903975853956,No
JPN,East Asia,No,Net zero,2050.0,In corporate strategy,Net zero or similar,2040.0,Carbon dioxide only,Yes,Yes,Yes,Annual reporting,Not Specified,Yes,No,Yes (nature-based and CCS-based removals),No,No,Fossil Fuels,23.56811707959891,9.648917831534549,Yes
CAN,North America,No,Net zero,2050.0,In corporate strategy,Emissions intensity target,2035.0,Carbon dioxide and other GHGs,Yes,Yes,Yes,Annual reporting,Not Specified,Yes,No,"Yes (CCS-based removals e.g. BECCS, DACCS)",Yes,No,Fossil Fuels,23.17021098053385,8.805225202632306,Partial
DEU,Europe,No,Carbon neutral(ity),2030.0,In corporate strategy,Other,2030.0,Carbon dioxide and other GHGs,Yes,Yes,Yes,Annual reporting,Not Specified,Not Specified,No,Yes (nature-based and CCS-based removals),No,No,Manufacturing,25.782615101839617,12.074054393245461,Partial
CHN,East Asia,No,Carbon neutral(ity),2050.0,In corporate strategy,No target,2030.0,Not Specified,Not Specified,Not Specified,No,Annual reporting,Not Specified,Not Specified,No,Not Specified,No,No,Services,26.99354891613413,11.478861831194436,Not Specified
JPN,East Asia,No,Zero emissions,2050.0,In corporate strategy,Emissions reduction target,2030.0,Carbon dioxide only,Yes,Yes,No,No reporting mechanism,Not Specified,Not Specified,No,Not Specified,No,No,"Biotech, health care & pharma",21.886416647064593,8.562931083090092,Yes
USA,North America,No,No target,2050.0,In corporate strategy,No target,2030.0,Not Specified,No,No,No,Annual reporting,Not Specified,No,No,No,No,No,Services,8.13593277200489,8.471358655072438,No
USA,North America,Yes,Net zero,2050.0,In corporate strategy,Emissions reduction target,2030.0,Carbon dioxide and other GHGs,Yes,Yes,No,Annual reporting,No,Not Specified,No,"Yes (nature-based removals e.g. Forestation, soil carbon enhancement)",No,No,"Food, beverage & agriculture",23.49585455924869,10.690102307253893,Not Specified
SAU,Western and Central Asia,No,Net zero,2050.0,In corporate strategy,Emissions intensity target,2030.0,Carbon dioxide and other GHGs,Yes,Yes,Yes,Annual reporting,Yes,Yes,No,"Yes (CCS-based removals e.g. BECCS, DACCS)",No,No,Power generation,23.885740608206163,9.715107681158209,No
THA,East Asia,No,Emissions reduction target,2023.0,Declaration / pledge,Absolute emissions target,2027.0,Carbon dioxide only,Yes,Yes,Yes,Annual reporting,Yes,Not Specified,No,Yes (unspecified),No,No,Transportation services,20.303194577970956,9.479451058842528,Yes
NOR,Europe,No,Net zero,2045.0,In corporate strategy,Emissions reduction target,2025.0,Carbon dioxide and other GHGs,Yes,Yes,Yes,Annual reporting,No,Not Specified,No,Yes (nature-based and CCS-based removals),No,Yes,Retail,22.33270374958051,9.817330356084954,Yes
CHL,Latin America and the Caribbean,No,No target,2050.0,In corporate strategy,No target,2030.0,Carbon dioxide and other GHGs,Not Specified,Not Specified,No,Annual reporting,Not Specified,Not Specified,No,Not Specified,No,No,Services,24.444128336937613,11.245059091624615,Not Specified
DEU,Europe,Yes,Emissions reduction target,2030.0,In corporate strategy,Other,2025.0,Carbon dioxide and other GHGs,Yes,Yes,Yes,Annual reporting,Not Specified,No,No,Not Specified,No,No,Retail,24.05547034715733,11.429554725537322,Partial
HKG,East Asia,No,Carbon neutral(ity),2060.0,In corporate strategy,Emissions reduction target,2025.0,Carbon dioxide only,Yes,Yes,Yes,Annual reporting,Yes,Not Specified,No,Yes (nature-based and CCS-based removals),No,No,Power generation,23.325436869469176,9.991956200523736,Not Specified
JPN,East Asia,No,Net zero,2050.0,Declaration / pledge,Emissions reduction target,2030.0,Not Specified,Yes,Yes,No,Annual reporting,Not Specified,Not Specified,No,Not Specified,No,No,Services,23.63011225054661,9.876321884463358,No
USA,North America,No,No target,2050.0,In corporate strategy,No target,2030.0,Not Specified,Yes,Yes,Yes,Annual reporting,Not Specified,Not Specified,No,Not Specified,No,No,Infrastructure,23.887600995195662,10.975088291957388,Not Specified
USA,North America,No,Emissions reduction target,2031.0,In corporate strategy,Net zero or similar,2025.0,Carbon dioxide and other GHGs,Yes,Yes,Yes,Annual reporting,Yes,Yes,No,"Yes (nature-based removals e.g. Forestation, soil carbon enhancement)",Yes,No,Materials,22.532701491351155,8.657129031713755,Yes
USA,North America,No,Emissions reduction target,2030.0,In corporate strategy,No target,2030.0,Carbon dioxide only,Yes,Yes,Yes,Annual reporting,Not Specified,Not Specified,No,Yes (nature-based and CCS-based removals),Yes,No,Services,23.882434119394787,9.952325334619427,No
USA,North America,No,No target,2040.0,In corporate strategy,No target,2030.0,Not Specified,Not Specified,Not Specified,No,Annual reporting,Not Specified,Not Specified,No,Not Specified,No,No,Retail,10.063733901678225,10.757924157061597,Not Specified
JPN,East Asia,No,Net zero,2051.0,In corporate strategy,Absolute emissions target,2031.0,Carbon dioxide and other GHGs,Yes,Yes,Yes,Annual reporting,Yes,No,No,Not Specified,Yes,No,Manufacturing,24.310832129387524,11.912607214989325,Yes
USA,North America,No,Emissions reduction target,2040.0,In corporate strategy,No target,2030.0,Carbon dioxide and other GHGs,Yes,Yes,Yes,Annual reporting,No,Not Specified,No,No,No,No,Manufacturing,21.886416647064593,9.375091807576673,No
USA,North America,No,GHG neutral(ity),2050.0,In corporate strategy,Emissions reduction target,2026.0,Not Specified,Yes,Yes,Yes,Annual reporting,Yes,Yes,No,Not Specified,No,No,Manufacturing,23.419378400543046,11.382201556243544,Yes
KWT,Western and Central Asia,No,Zero emissions,2050.0,In corporate strategy,Emissions reduction target,2030.0,Not Specified,Yes,Yes,Yes,Annual reporting,Yes,Not Specified,No,Yes (unspecified),No,No,Services,22.428013929366653,9.754784507365798,Yes
JPN,East Asia,No,Net zero,2030.0,In corporate strategy,No target,2030.0,Carbon dioxide and other GHGs,Yes,Yes,Yes,Annual reporting,Not Specified,Not Specified,No,Not Specified,No,No,Services,20.491333780860156,7.934871565945177,No
USA,North America,No,Net zero,2050.0,In corporate strategy,Emissions reduction target,2030.0,Carbon dioxide and other GHGs,Yes,Yes,Yes,Less than annual reporting,Not Specified,Not Specified,No,Yes (unspecified),No,Yes,Services,25.637338834341055,11.670792089258995,Yes
ESP,Europe,No,Net zero,2050.0,In corporate strategy,Emissions reduction target,2030.0,Carbon dioxide and other GHGs,Yes,Yes,Yes,Less than annual reporting,Yes,Yes,No,Not Specified,No,Yes,Services,25.221596636519514,11.743378238716847,Not Specified
USA,North America,No,Net zero,2050.0,In corporate strategy,Emissions reduction target,2030.0,Carbon dioxide only,Yes,Yes,Yes,Annual reporting,Not Specified,Not Specified,No,Not Specified,No,No,Retail,23.650344467236906,11.744045122410057,No
GBR,Europe,No,Net zero,2045.0,In corporate strategy,Emissions reduction target,2025.0,Carbon dioxide and other GHGs,Yes,Yes,No,Annual reporting,Yes,Not Specified,No,Not Specified,No,No,"Biotech, health care & pharma",22.35250637687277,9.777810944448126,Yes
JPN,East Asia,No,Net zero,2050.0,In corporate strategy,Emissions reduction target,2030.0,Not Specified,Yes,Yes,No,Annual reporting,Not Specified,Not Specified,No,Not Specified,No,No,Services,23.685803205694448,10.428452739855837,Yes
JPN,East Asia,No,Zero emissions,2050.0,In corporate strategy,Emissions reduction target,2030.0,Carbon dioxide and other GHGs,Yes,Yes,Yes,Annual reporting,Not Specified,Not Specified,No,Not Specified,No,Yes,Infrastructure,24.00560460476279,10.38176932322609,Yes
JPN,East Asia,No,Carbon neutral(ity),2050.0,In corporate strategy,Emissions reduction target,2030.0,Carbon dioxide and other GHGs,Yes,Yes,Yes,Annual reporting,Not Specified,Yes,No,Yes (nature-based and CCS-based removals),No,No,Power generation,23.430849262525875,9.956696510867271,Yes
CAN,North America,No,1.5°C target,2030.0,Declaration / pledge,No target,2030.0,Carbon dioxide and other GHGs,Yes,Yes,Yes,Annual reporting,Yes,Yes,No,Not Specified,Yes,Yes,Services,23.10706218545748,11.41034995646615,Partial
ITA,Europe,No,Net zero,2050.0,In corporate strategy,Net zero or similar,2024.0,Not Specified,Yes,Yes,No,Annual reporting,Not Specified,Yes,No,Not Specified,No,No,Services,23.143900596803135,9.877708099548641,Yes
NLD,Europe,No,Net zero,2050.0,In corporate strategy,Emissions reduction target,2030.0,Carbon dioxide and other GHGs,Yes,Yes,Yes,Annual reporting,Yes,Yes,Yes,Yes (unspecified),No,No,"Food, beverage & agriculture",25.294424120353142,12.310437165348775,Yes
USA,North America,No,Carbon neutral(ity),2025.0,Achieved (self-declared),Emissions reduction target,2022.0,Not Specified,Yes,Yes,No,Annual reporting,Not Specified,Not Specified,No,Not Specified,No,No,Services,25.086466367382982,11.102080913567551,No
THA,East Asia,No,Net zero,2050.0,In corporate strategy,Emissions reduction target,2030.0,Not Specified,Yes,Yes,Yes,Annual reporting,No,Yes,No,Yes (nature-based and CCS-based removals),No,No,Materials,23.311029872249307,10.432644132986843,Yes
CHN,East Asia,No,Emissions reduction target,2030.0,In corporate strategy,No target,2030.0,Carbon dioxide and other GHGs,Yes,Yes,Yes,Annual reporting,Not Specified,Not Specified,No,Not Specified,No,No,"Biotech, health care & pharma",23.070154855592648,10.096171896365629,Partial
RUS,Europe,No,Emissions reduction target,2030.0,In corporate strategy,No target,2030.0,Not Specified,Yes,Yes,Yes,Annual reporting,Not Specified,Not Specified,No,Yes (unspecified),No,No,Fossil Fuels,25.55248316589479,11.559207725070786,No
SWE,Europe,No,Net zero,2030.0,In corporate strategy,Emissions reduction target,2030.0,Carbon dioxide and other GHGs,Yes,Yes,Yes,Annual reporting,Not Specified,Not Specified,No,Yes (unspecified),No,Yes,Services,22.679691927871062,9.76445534384057,Yes
USA,North America,No,Emissions intensity target,2025.0,In corporate strategy,No target,2030.0,Carbon dioxide and other GHGs,Yes,Yes,No,Annual reporting,Yes,Yes,No,Not Specified,No,No,Transportation services,23.59824190942102,9.531118671917154,No
TWN,East Asia,No,Net zero,2050.0,In corporate strategy,Emissions reduction target,2030.0,Not Specified,Yes,Yes,Yes,Annual reporting,Not Specified,Yes,No,Not Specified,No,No,Services,23.960178024339996,10.64363758669141,No
CHN,East Asia,No,No target,2050.0,In corporate strategy,No target,2030.0,Not Specified,Not Specified,Not Specified,Yes,Annual reporting,Not Specified,Not Specified,No,Not Specified,No,No,Services,23.332232079898333,10.090299014602934,Not Specified
IND,South Asia,No,Net zero,2047.0,In corporate strategy,Other,2025.0,Carbon dioxide and other GHGs,Yes,Yes,No,Annual reporting,Yes,Not Specified,No,"Yes (nature-based removals e.g. Forestation, soil carbon enhancement)",No,No,Infrastructure,22.41649327529412,10.156888691011035,No
BRA,Latin America and the Caribbean,No,Net zero,2030.0,In corporate strategy,No target,2030.0,Carbon dioxide and other GHGs,Yes,Yes,Yes,Annual reporting,Not Specified,Yes,Yes,"Yes (nature-based removals e.g. Forestation, soil carbon enhancement)",No,No,Power generation,22.732016638137633,8.95040315983296,Yes
JPN,East Asia,No,Net zero,2041.0,In corporate strategy,Emissions reduction target,2031.0,Not Specified,Yes,Yes,Yes,Annual reporting,Yes,Yes,No,Not Specified,No,Yes,Retail,23.835936345012765,11.564350250712412,Partial
FRA,Europe,No,Net zero,2050.0,In corporate strategy,Emissions reduction target,2025.0,Carbon dioxide and other GHGs,Yes,Yes,Yes,Annual reporting,Yes,Yes,No,"Yes (nature-based removals e.g. Forestation, soil carbon enhancement)",No,No,Fossil Fuels,25.999363156597717,11.541396296945923,Partial
FRA,Europe,No,Net zero,2040.0,Declaration / pledge,Emissions reduction target,2026.0,Not Specified,Yes,Yes,Yes,Less than annual reporting,Not Specified,Not Specified,No,Not Specified,No,Yes,Services,22.871533569672785,12.930580402220027,Yes
JPN,East Asia,No,Net zero,2050.0,In corporate strategy,Emissions reduction target,2030.0,Carbon dioxide and other GHGs,Yes,Yes,Yes,Annual reporting,Yes,Yes,No,Not Specified,Yes,Yes,Services,23.521400466214853,11.28407817823934,Yes
CAN,North America,No,Net zero,2050.0,Declaration / pledge,Emissions reduction target,2030.0,Not Specified,Yes,Yes,No,Annual reporting,No,Yes,No,Not Specified,No,No,Materials,20.974802463539444,3.8066624897703196,Partial
JPN,East Asia,No,Carbon neutral(ity),2050.0,In corporate strategy,Emissions reduction target,2030.0,Carbon dioxide and other GHGs,Yes,Yes,Yes,Annual reporting,Yes,Not Specified,No,Not Specified,No,Yes,Manufacturing,23.13667648511885,9.953134492425542,Not Specified
GBR,Europe,No,Net zero,2050.0,In corporate strategy,Emissions reduction target,2030.0,Carbon dioxide and other GHGs,Yes,Yes,Yes,Annual reporting,Not Specified,No,No,No,No,Yes,Services,23.00687196344457,10.797553125151618,No
USA,North America,No,Zero carbon,2045.0,In corporate strategy,Emissions reduction target,2025.0,Carbon dioxide and other GHGs,Yes,Yes,Yes,Annual reporting,Yes,Not Specified,No,Not Specified,No,No,Power generation,23.93075710298843,9.729193687429403,Partial
JPN,East Asia,No,Zero carbon,2050.0,In corporate strategy,Emissions reduction target,2025.0,Carbon dioxide and other GHGs,Yes,Yes,Yes,Annual reporting,Not Specified,Yes,No,"Yes (CCS-based removals e.g. BECCS, DACCS)",No,No,Power generation,24.04887723168792,10.355772631288183,Partial
ZAF,Africa,No,Net zero,2050.0,In corporate strategy,Emissions reduction target,2030.0,Carbon dioxide and other GHGs,Yes,Yes,Yes,Annual reporting,Not Specified,Yes,Yes,Yes (nature-based and CCS-based removals),No,No,Materials,23.378829049105157,10.2450184013482,Partial
DEU,Europe,No,Net zero,2050.0,In corporate strategy,Other,2030.0,Carbon dioxide and other GHGs,Yes,Yes,Yes,No reporting mechanism,Not Specified,Not Specified,No,"Yes (CCS-based removals e.g. BECCS, DACCS)",No,Yes,Infrastructure,23.853747511095712,10.842126688074044,Yes
ITA,Europe,No,Net zero,2030.0,In corporate strategy,Emissions reduction target,2026.0,Not Specified,Yes,Yes,No,Annual reporting,Yes,Yes,No,Yes (unspecified),No,No,Services,22.177919535813125,9.963876852548912,No
USA,North America,No,No target,2050.0,In corporate strategy,No target,2030.0,Not Specified,No,No,No,No reporting mechanism,Not Specified,Not Specified,No,Not Specified,No,No,Transportation services,22.784416108781304,10.056251557087757,No
JPN,East Asia,No,Net zero,2050.0,In corporate strategy,Emissions reduction target,2030.0,Carbon dioxide and other GHGs,Yes,Yes,Yes,Annual reporting,Not Specified,Not Specified,No,Not Specified,No,No,Transportation services,23.599707689365413,11.184060221670764,Yes
JPN,East Asia,No,Net zero,2050.0,In corporate strategy,Emissions reduction target,2024.0,Not Specified,Yes,Yes,Yes,Annual reporting,Not Specified,Yes,No,Not Specified,No,No,Services,20.50883422747338,7.7284157798410416,No
USA,North America,No,Emissions reduction target,2030.0,In corporate strategy,No target,2030.0,Carbon dioxide only,Yes,Yes,Yes,Annual reporting,Yes,Not Specified,No,No,No,No,"Biotech, health care & pharma",24.469092571525714,11.643962499267984,No
CHN,East Asia,No,No target,2050.0,In corporate strategy,No target,2030.0,Not Specified,Not Specified,Not Specified,No,Annual reporting,Not Specified,Not Specified,No,Not Specified,No,No,Services,26.03688059942486,12.77305835163568,Not Specified
CHN,East Asia,No,Carbon neutral(ity),2050.0,Achieved (self-declared),Emissions reduction target,2030.0,Carbon dioxide and other GHGs,Yes,Yes,Yes,Annual reporting,Yes,Not Specified,No,"Yes (nature-based removals e.g. Forestation, soil carbon enhancement)",Yes,Yes,"Food, beverage & agriculture",23.248994481334666,10.934534521708471,Partial
COL,Latin America and the Caribbean,No,Net zero,2050.0,In corporate strategy,Reduction v. BAU,2030.0,Not Specified,Yes,Yes,No,Annual reporting,No,Yes,No,Not Specified,No,No,Services,23.13021094535479,11.2968320032685,Not Specified
IND,South Asia,No,Carbon neutral(ity),2050.0,In corporate strategy,Emissions intensity target,2030.0,Carbon dioxide and other GHGs,Yes,Yes,Yes,Annual reporting,Yes,Yes,No,"Yes (CCS-based removals e.g. BECCS, DACCS)",No,No,Materials,23.736346748884156,10.557035948482783,Partial
CAN,North America,No,Net zero,2050.0,In corporate strategy,Emissions reduction target,2030.0,Carbon dioxide and other GHGs,Yes,Yes,Yes,Annual reporting,Yes,Yes,No,No,No,Yes,Services,24.719666754856767,11.390633529485598,Yes
USA,North America,Yes,No target,2040.0,In corporate strategy,Emissions reduction target,2030.0,Carbon dioxide and other GHGs,Yes,Yes,No,Annual reporting,Not Specified,Not Specified,No,No,No,No,Retail,24.565080947352516,10.933124826700707,Not Specified
AUS,Oceania,No,Emissions reduction target,2030.0,In corporate strategy,Emissions reduction target,2025.0,Carbon dioxide and other GHGs,Yes,Yes,No,Annual reporting,Yes,Yes,No,Not Specified,No,No,Services,24.497565820011573,10.654219444947001,Yes
CHE,Europe,No,Net zero,2050.0,In corporate strategy,Net zero or similar,2030.0,Carbon dioxide and other GHGs,Yes,Yes,Yes,Annual reporting,Yes,Yes,No,Not Specified,No,No,Services,21.50990336104907,7.441906728051625,Yes
JPN,East Asia,No,Net zero,2030.0,Achieved (self-declared),Emissions reduction target,2023.0,Carbon dioxide only,Yes,Yes,Yes,Annual reporting,Not Specified,Yes,No,Yes (unspecified),No,No,Services,21.063303140443864,8.328692583545568,Not Specified
USA,North America,No,Carbon neutral(ity),2030.0,In corporate strategy,No target,2030.0,Carbon dioxide only,Yes,Yes,Yes,Annual reporting,Yes,Yes,Yes,"Yes (nature-based removals e.g. Forestation, soil carbon enhancement)",No,Yes,Retail,26.70407380386839,12.00762780434872,Yes
ZAF,Africa,No,Emissions reduction target,2025.0,In corporate strategy,Emissions reduction target,2025.0,Carbon dioxide and other GHGs,Yes,Yes,No,Annual reporting,Not Specified,Not Specified,No,No,Yes,No,Services,23.270834247937394,10.082762807393678,Yes
TWN,East Asia,No,Net zero,2050.0,In corporate strategy,Emissions reduction target,2035.0,Carbon dioxide only,Yes,Yes,Yes,Annual reporting,Not Specified,Not Specified,No,Not Specified,No,Yes,Services,23.318520543977904,9.920098818341325,Not Specified
CAN,North America,No,Emissions reduction target,2030.0,In corporate strategy,Emissions intensity target,2025.0,Not Specified,Yes,Yes,No,Annual reporting,No,Not Specified,No,No,No,No,"Food, beverage & agriculture",9.456653425317034,9.862717639992917,Partial
ITA,Europe,No,Net zero,2040.0,In corporate strategy,Emissions intensity target,2030.0,Carbon dioxide and other GHGs,Yes,Yes,Yes,Annual reporting,Yes,No,Yes,Yes (unspecified),No,Yes,Infrastructure,25.60749098869333,11.084063779055668,Yes
USA,North America,No,Net zero,2050.0,Declaration / pledge,Emissions reduction target,2030.0,Carbon dioxide and other GHGs,Yes,Yes,No,Annual reporting,Not Specified,Not Specified,No,Not Specified,No,No,Materials,23.22470178876759,10.221977646629885,No
CHN,East Asia,No,Carbon neutral(ity),2050.0,In corporate strategy,Emissions reduction target,2025.0,Carbon dioxide and other GHGs,Yes,Yes,Yes,Annual reporting,Not Specified,Not Specified,No,Not Specified,No,No,Materials,26.498177566067238,10.737461325921066,Yes
USA,North America,No,No target,2050.0,In corporate strategy,No target,2030.0,Not Specified,Not Specified,Not Specified,No,Annual reporting,Not Specified,Not Specified,No,Not Specified,No,No,Services,22.168772057933776,7.650168700845001,Not Specified
USA,North America,No,No target,2050.0,In corporate strategy,No target,2030.0,Carbon dioxide and other GHGs,Yes,Yes,Yes,Annual reporting,Yes,Yes,No,Yes (unspecified),No,No,Services,22.39153853528998,6.150602768446279,Yes
FIN,Europe,No,Net zero,2040.0,In corporate strategy,Emissions reduction target,2030.0,Carbon dioxide and other GHGs,Yes,Yes,Yes,Annual reporting,Yes,Not Specified,No,Yes (nature-based and CCS-based removals),Yes,Yes,Retail,9.931880627037346,11.530097183478548,Yes
FRA,Europe,No,Net zero,2050.0,In corporate strategy,Net zero or similar,2030.0,Carbon dioxide and other GHGs,Yes,Yes,Yes,Annual reporting,Yes,Yes,Yes,Yes (unspecified),No,Yes,Manufacturing,24.443401680735132,12.028714749365097,Yes
SWE,Europe,No,Net zero,2045.0,In corporate strategy,Emissions reduction target,2030.0,Not Specified,Yes,Yes,Yes,Annual reporting,Not Specified,Not Specified,No,Not Specified,No,Yes,Infrastructure,20.764407781237278,7.057897937411856,Yes
JPN,East Asia,No,Net zero,2050.0,In corporate strategy,No target,2030.0,Carbon dioxide only,Yes,Not Specified,Yes,Annual reporting,Yes,Yes,No,"Yes (nature-based removals e.g. Forestation, soil carbon enhancement)",No,No,Transportation services,23.191789007568598,10.505094936455558,Not Specified
AUT,Europe,No,Climate neutral,2050.0,In corporate strategy,Emissions reduction target,2029.0,Not Specified,Not Specified,Not Specified,Yes,Annual reporting,Not Specified,Yes,No,Not Specified,No,No,Materials,23.64157696358584,10.785352457395266,Not Specified
JPN,East Asia,No,Carbon neutral(ity),2030.0,Declaration / pledge,No target,2030.0,Carbon dioxide and other GHGs,Not Specified,Not Specified,No,Annual reporting,Not Specified,Not Specified,No,Not Specified,No,No,Services,21.465203182151978,7.814399633804487,Not Specified
RUS,Europe,No,No target,2050.0,In corporate strategy,No target,2030.0,Not Specified,Not Specified,Not Specified,No,No reporting mechanism,Not Specified,Not Specified,No,Not Specified,No,No,Power generation,23.43676781679317,10.97644009442366,Not Specified
GBR,Europe,No,Carbon neutral(ity),2040.0,In corporate strategy,Emissions reduction target,2030.0,Carbon dioxide and other GHGs,Yes,Yes,Yes,Annual reporting,Yes,Not Specified,No,Yes (nature-based and CCS-based removals),No,No,Materials,10.217348936771211,10.896757843893464,Yes
JPN,East Asia,No,Carbon neutral(ity),2050.0,In corporate strategy,Emissions reduction target,2030.0,Carbon dioxide only,Yes,Yes,Yes,Annual reporting,No,Not Specified,No,Not Specified,No,No,Transportation services,23.01448659996255,10.188892033243851,No
AUS,Oceania,No,Net zero,2050.0,In corporate strategy,Emissions reduction target,2030.0,Carbon dioxide and other GHGs,Yes,Yes,Yes,Annual reporting,Yes,Yes,No,Yes (nature-based and CCS-based removals),No,No,Fossil Fuels,22.312501042267073,8.251924713801357,No
USA,North America,No,Carbon neutral(ity),2050.0,In corporate strategy,Emissions reduction target,2030.0,Carbon dioxide and other GHGs,Yes,Yes,Yes,Annual reporting,Not Specified,Not Specified,No,"Yes (CCS-based removals e.g. BECCS, DACCS)",No,No,Materials,22.931540250579104,9.581972891547895,No
SWE,Europe,No,Emissions reduction target,2050.0,In corporate strategy,Emissions reduction target,2030.0,Not Specified,Yes,Yes,Yes,Annual reporting,Yes,Not Specified,No,Not Specified,No,No,"Food, beverage & agriculture",21.49059241614486,8.811801223938751,Yes
GBR,Europe,No,Net zero,2045.0,In corporate strategy,Emissions reduction target,2030.0,Carbon dioxide only,Yes,Yes,No,Annual reporting,No,Yes,No,Yes (nature-based and CCS-based removals),No,Yes,Infrastructure,21.752885254484713,7.887959336599945,Yes
CHN,East Asia,No,No target,2050.0,In corporate strategy,No target,2030.0,Not Specified,Not Specified,Not Specified,No,Annual reporting,Not Specified,Not Specified,No,Not Specified,No,No,"Food, beverage & agriculture",22.114547739826097,9.884151816229386,Not Specified
ZAF,Africa,No,Net zero,2050.0,In corporate strategy,Other,2030.0,Not Specified,Yes,Yes,Yes,Annual reporting,No,Yes,No,Not Specified,No,No,Services,23.352849864841296,10.804684950962628,Partial
USA,North America,No,Emissions reduction target,2025.0,In corporate strategy,No target,2030.0,Carbon dioxide and other GHGs,Yes,Yes,Yes,Annual reporting,Not Specified,Not Specified,No,Not Specified,No,No,"Biotech, health care & pharma",21.812500964138398,9.012011377036412,Yes
CHN,East Asia,No,Zero carbon,2025.0,In corporate strategy,Net zero or similar,2030.0,Carbon dioxide only,Yes,Yes,No,Annual reporting,No,Not Specified,No,Not Specified,No,No,Retail,23.843999475707328,11.171392444155797,Partial
JPN,East Asia,No,Zero emissions,2040.0,In corporate strategy,Emissions reduction target,2030.0,Not Specified,Yes,Yes,Yes,Annual reporting,Not Specified,Not Specified,No,Not Specified,No,No,"Food, beverage & agriculture",25.091447064810914,10.690102307253893,Yes
FRA,Europe,No,Emissions reduction target,2030.0,Declaration / pledge,No target,2030.0,Carbon dioxide and other GHGs,Yes,Yes,Yes,Annual reporting,Yes,Yes,No,Not Specified,No,No,Services,20.61901581668249,6.1903154058531475,Partial
NLD,Europe,No,Net zero,2040.0,In corporate strategy,Emissions reduction target,2030.0,Carbon dioxide and other GHGs,Yes,Yes,Yes,Annual reporting,Not Specified,Yes,No,Not Specified,No,No,"Biotech, health care & pharma",23.827852515457327,11.2959627727311,Yes
SWE,Europe,No,Net zero,2050.0,In corporate strategy,Emissions reduction target,2030.0,Carbon dioxide and other GHGs,Yes,Yes,Yes,Annual reporting,Yes,Not Specified,No,Not Specified,No,Yes,Manufacturing,23.406613425476582,10.855126123041925,Yes
DEU,Europe,No,Emissions reduction target,2050.0,In corporate strategy,Other,2030.0,Not Specified,Not Specified,Not Specified,No,Annual reporting,Not Specified,Not Specified,No,Not Specified,No,No,Services,21.268492888009444,6.717804695023691,Not Specified
USA,North America,No,Net zero,2050.0,Declaration / pledge,No target,2030.0,Not Specified,Not Specified,Not Specified,Yes,No reporting mechanism,Not Specified,Not Specified,No,Not Specified,No,No,Retail,22.654787248694554,10.491301994830229,Not Specified
JPN,East Asia,No,Net zero,2050.0,Declaration / pledge,Emissions reduction target,2025.0,Carbon dioxide and other GHGs,Yes,Yes,Yes,Annual reporting,No,Not Specified,No,Not Specified,No,No,Manufacturing,24.16329924242583,11.494384641264963,Yes
IND,South Asia,No,Net zero,2050.0,In corporate strategy,Emissions reduction target,2030.0,Carbon dioxide and other GHGs,Yes,Yes,No,Annual reporting,Not Specified,Yes,No,Not Specified,No,No,"Biotech, health care & pharma",22.54247833311792,10.161805178857993,Not Specified
JPN,East Asia,No,Net zero,2030.0,In corporate strategy,Emissions reduction target,2025.0,Carbon dioxide only,Yes,Yes,Yes,Annual reporting,Not Specified,No,No,No,No,No,Services,8.831857935197906,9.889490042892275,Partial
CHN,East Asia,No,Carbon neutral(ity),2060.0,Declaration / pledge,Emissions reduction target,2027.0,Carbon dioxide and other GHGs,Yes,Yes,Yes,Annual reporting,Not Specified,Not Specified,No,Not Specified,No,No,Infrastructure,12.619995221551012,12.79732551840878,Not Specified
GBR,Europe,No,Net zero,2050.0,In corporate strategy,Emissions reduction target,2030.0,Not Specified,Yes,Yes,Yes,No reporting mechanism,Not Specified,Not Specified,No,Not Specified,No,No,Services,22.857550614627087,9.379323364330956,Partial
USA,North America,No,Net zero,2050.0,Declaration / pledge,Emissions reduction target,2032.0,Carbon dioxide and other GHGs,Yes,Yes,Yes,Annual reporting,Not Specified,Not Specified,No,Not Specified,No,Yes,Services,23.189414313890733,10.485731104959568,Partial
IND,South Asia,No,Net zero,2038.0,In corporate strategy,No target,2030.0,Carbon dioxide and other GHGs,Yes,Yes,Yes,Annual reporting,Yes,Yes,No,"Yes (CCS-based removals e.g. BECCS, DACCS)",Yes,No,Fossil Fuels,25.087790196496872,10.179337399481271,No
DEU,Europe,Yes,Net zero,2050.0,In corporate strategy,Emissions reduction target,2030.0,Carbon dioxide and other GHGs,Yes,Yes,Yes,Annual reporting,Yes,Yes,No,Not Specified,No,No,Retail,25.04434748600614,10.933124826700707,Yes
USA,North America,No,Net zero,2040.0,In corporate strategy,Emissions reduction target,2025.0,Carbon dioxide and other GHGs,Yes,Yes,Yes,Annual reporting,Not Specified,Yes,Yes,No,Yes,Yes,Services,22.297905244044898,9.313077449427295,Yes
USA,North America,No,Net zero,2050.0,In corporate strategy,Emissions reduction target,2030.0,Not Specified,Yes,Yes,Yes,Annual reporting,Yes,Not Specified,No,"Yes (nature-based removals e.g. Forestation, soil carbon enhancement)",No,Yes,Hospitality,23.978280708469065,11.918397239722838,Yes
BRA,Latin America and the Caribbean,No,Net zero,2040.0,Achieved (self-declared),Emissions reduction target,2030.0,Carbon dioxide and other GHGs,Yes,Yes,Yes,Annual reporting,Not Specified,Not Specified,No,Yes (unspecified),No,Yes,"Food, beverage & agriculture",25.071515912145692,12.54254845357358,Partial
USA,North America,No,Net zero,2020.0,Achieved (self-declared),No target,2030.0,Not Specified,Yes,Yes,No,Annual reporting,No,Yes,No,Not Specified,No,No,Services,21.886416647064593,8.191463051326927,Partial
NLD,Europe,Yes,Emissions reduction target,2030.0,Achieved (self-declared),No target,2030.0,Carbon dioxide and other GHGs,Not Specified,Not Specified,No,Annual reporting,Not Specified,Not Specified,Yes,Not Specified,No,No,Materials,25.664908259562857,10.432644132986843,Not Specified
NLD,Europe,No,Net zero,2050.0,Declaration / pledge,Emissions reduction target,2030.0,Carbon dioxide and other GHGs,Yes,Yes,Yes,Annual reporting,No,Not Specified,No,"Yes (nature-based removals e.g. Forestation, soil carbon enhancement)",Yes,No,Infrastructure,20.0281166557198,7.607381425639791,Yes
USA,North America,No,Net zero,2050.0,Declaration / pledge,Emissions intensity target,2030.0,Carbon dioxide and other GHGs,Not Specified,Not Specified,Yes,Annual reporting,Not Specified,Yes,No,Yes (nature-based and CCS-based removals),No,No,Hospitality,23.958998778920368,11.695255355062795,Not Specified
USA,North America,No,No target,2050.0,In corporate strategy,No target,2030.0,Not Specified,Yes,Yes,No,Annual reporting,Not Specified,Not Specified,No,Not Specified,No,No,Services,22.08218900152711,8.160803920954665,Partial
IND,South Asia,No,Net zero,2070.0,Declaration / pledge,No target,2030.0,Not Specified,Yes,Yes,No,Less than annual reporting,Not Specified,Not Specified,No,Not Specified,No,No,Services,22.93701971634313,10.838501898408385,Not Specified
CHN,East Asia,No,No target,2050.0,In corporate strategy,No target,2030.0,Not Specified,Not Specified,Not Specified,No,Annual reporting,Yes,Not Specified,No,Not Specified,No,No,Manufacturing,23.92560569321518,10.833424746444134,No
CHN,East Asia,No,No target,2050.0,In corporate strategy,No target,2030.0,Not Specified,Not Specified,Not Specified,No,Annual reporting,Not Specified,Not Specified,No,Not Specified,No,No,Services,22.79012859654597,9.475853519656901,Not Specified
ITA,Europe,No,Net zero,2040.0,In corporate strategy,Other,2030.0,Carbon dioxide and other GHGs,Yes,Yes,No,Annual reporting,Not Specified,Yes,No,Not Specified,No,No,Services,23.53224675668733,10.827607555524617,Yes
GBR,Europe,No,Net zero,2040.0,In corporate strategy,Emissions reduction target,2030.0,Carbon dioxide and other GHGs,Yes,Yes,Yes,Annual reporting,Yes,Yes,No,No,No,No,Services,21.311052502404085,9.327856705404022,Yes
TWN,East Asia,No,Other,2028.0,In corporate strategy,Other,2023.0,Carbon dioxide and other GHGs,Yes,Yes,No,Annual reporting,Not Specified,Not Specified,No,"Yes (nature-based removals e.g. Forestation, soil carbon enhancement)",No,No,Retail,21.365119723645122,7.823645930834952,Not Specified
MEX,North America,No,Net zero,2050.0,In corporate strategy,Emissions reduction target,2027.0,Carbon dioxide and other GHGs,Yes,Yes,Yes,Annual reporting,Not Specified,Yes,No,Yes (nature-based and CCS-based removals),No,No,Materials,23.50638931087827,10.367787446365185,Yes
CHN,East Asia,No,Net zero,2060.0,In corporate strategy,Net zero or similar,2030.0,Carbon dioxide and other GHGs,Yes,Yes,Yes,Annual reporting,Yes,Not Specified,Yes,Not Specified,Yes,No,Services,25.297688113996035,10.766862622063668,Partial
JPN,East Asia,No,Net zero,2050.0,In corporate strategy,Emissions reduction target,2040.0,Carbon dioxide and other GHGs,Yes,Yes,Yes,Annual reporting,Yes,Yes,No,"Yes (CCS-based removals e.g. BECCS, DACCS)",No,No,Services,25.292746667202895,11.641617667579085,Yes
USA,North America,No,Net zero,2050.0,In corporate strategy,Emissions reduction target,2030.0,Carbon dioxide and other GHGs,Yes,Yes,No,Annual reporting,Not Specified,Yes,No,Not Specified,No,No,Services,24.016358199540594,9.857495968685136,Partial
KOR,East Asia,No,Carbon neutral(ity),2045.0,In corporate strategy,Emissions reduction target,2030.0,Carbon dioxide only,Yes,Yes,Yes,Annual reporting,Yes,Yes,No,"Yes (CCS-based removals e.g. BECCS, DACCS)",No,No,Infrastructure,23.594454775482433,8.839711378703475,Yes
USA,North America,No,No target,2050.0,In corporate strategy,No target,2030.0,Carbon dioxide and other GHGs,Not Specified,Not Specified,No,Annual reporting,Not Specified,Not Specified,No,Not Specified,No,No,Services,23.88319812622309,11.050905878263567,Not Specified
CHN,East Asia,No,No target,2040.0,In corporate strategy,No target,2030.0,Not Specified,Not Specified,Not Specified,No,Annual reporting,Not Specified,Not Specified,No,Not Specified,No,No,Retail,25.40817099096259,12.09473876926797,Not Specified
JPN,East Asia,No,Carbon neutral(ity),2050.0,In corporate strategy,Emissions reduction target,2030.0,Carbon dioxide and other GHGs,Yes,Yes,Yes,Annual reporting,Yes,Not Specified,No,Not Specified,No,No,Materials,23.634547452125055,10.80559822083645,Partial
USA,North America,No,Net zero,2021.0,Achieved (self-declared),No target,2030.0,Not Specified,Yes,Yes,Yes,Annual reporting,No,Yes,Yes,Yes (nature-based and CCS-based removals),Yes,Yes,Services,9.038008749211576,9.923339198238729,Partial
ZAF,Africa,No,Emissions reduction target,2030.0,In corporate strategy,Other,2028.0,Not Specified,Yes,Yes,Yes,Annual reporting,Yes,Yes,No,No,No,No,Services,22.650138780127243,10.148979507514099,Yes
TWN,East Asia,No,Carbon neutral(ity),2050.0,In corporate strategy,Emissions reduction target,2025.0,Carbon dioxide and other GHGs,Yes,Yes,Yes,Annual reporting,Not Specified,Not Specified,Yes,Yes (nature-based and CCS-based removals),No,No,Infrastructure,22.080131387632957,9.463198053273784,Yes
FRA,Europe,No,Carbon neutral(ity),2050.0,In corporate strategy,Emissions reduction target,2035.0,Carbon dioxide and other GHGs,Yes,Yes,Yes,Annual reporting,Not Specified,Not Specified,No,Not Specified,No,No,Materials,24.099760606002363,11.107330348411331,No
HKG,East Asia,No,Carbon neutral(ity),2060.0,In corporate strategy,Emissions intensity target,2027.0,Carbon dioxide and other GHGs,Yes,Yes,Yes,Annual reporting,Not Specified,Not Specified,No,Not Specified,No,No,Transportation services,21.140659516578612,9.072686206677387,Partial
USA,North America,No,Carbon negative,2050.0,In corporate strategy,Emissions reduction target,2025.0,Carbon dioxide and other GHGs,Yes,Yes,No,Annual reporting,Not Specified,Yes,Yes,"Yes (CCS-based removals e.g. BECCS, DACCS)",No,No,Fossil Fuels,25.57769946049002,9.202610573914242,Yes
CHN,East Asia,No,No target,2060.0,In corporate strategy,No target,2030.0,Carbon dioxide only,Yes,Yes,Yes,Annual reporting,Not Specified,Not Specified,No,No,No,No,Services,20.9055873945737,9.756841972194643,Not Specified
DEU,Europe,No,Net zero,2045.0,In corporate strategy,Emissions reduction target,2032.0,Carbon dioxide and other GHGs,Yes,Yes,Yes,Annual reporting,Yes,Yes,No,Not Specified,No,Yes,Materials,22.87106671625633,9.935712699830864,Yes
USA,North America,No,Net zero,2030.0,Declaration / pledge,Emissions reduction target,2026.0,Not Specified,Yes,Yes,No,Annual reporting,Not Specified,Yes,No,Not Specified,No,Yes,Services,22.753910964568533,9.924955459151368,Yes
CHN,East Asia,No,Carbon neutral(ity),2050.0,In corporate strategy,Emissions reduction target,2030.0,Carbon dioxide only,Not Specified,Not Specified,No,Annual reporting,Yes,Yes,No,Not Specified,No,No,Services,21.810480080999305,10.379814894894523,Not Specified
ESP,Europe,No,Net zero,2040.0,In corporate strategy,Net zero or similar,2026.0,Carbon dioxide only,Yes,Yes,Yes,Annual reporting,Yes,Yes,Yes,No,No,Yes,Transportation services,22.55328401845197,9.260082463870997,No
USA,North America,No,Net zero,2040.0,In corporate strategy,Emissions reduction target,2030.0,Not Specified,Yes,Yes,Yes,Annual reporting,Not Specified,Not Specified,No,Not Specified,No,No,Retail,22.437243928834583,8.575650760987806,No
USA,North America,No,Emissions reduction target,2032.0,In corporate strategy,No target,2030.0,Carbon dioxide and other GHGs,Yes,Yes,Yes,Annual reporting,Not Specified,Yes,No,Yes (unspecified),No,No,Services,22.525965246377655,9.90353755128617,Yes
USA,North America,No,No target,2050.0,In corporate strategy,No target,2030.0,Not Specified,Not Specified,Not Specified,No,Annual reporting,Not Specified,Not Specified,No,Not Specified,No,No,Services,23.34161012503705,10.066201463023875,Not Specified
NOR,Europe,No,Net zero,2050.0,In corporate strategy,Emissions reduction target,2030.0,Carbon dioxide and other GHGs,Yes,Yes,Yes,Annual reporting,Yes,Yes,No,Yes (nature-based and CCS-based removals),No,No,Fossil Fuels,25.353343246650358,10.132851715663394,Yes
USA,North America,No,Emissions intensity target,2030.0,In corporate strategy,Emissions intensity target,2024.0,Carbon dioxide and other GHGs,Yes,Yes,Yes,Annual reporting,Yes,Yes,No,Yes (unspecified),No,No,Fossil Fuels,22.109560198316302,6.569481420414296,No
JPN,East Asia,No,Net zero,2050.0,In corporate strategy,Emissions reduction target,2030.0,Carbon dioxide and other GHGs,Yes,Yes,Yes,Annual reporting,Yes,Not Specified,No,No,No,No,Services,22.720004886996783,9.76978471664462,No
USA,North America,No,No target,2050.0,In corporate strategy,No target,2030.0,Not Specified,Yes,Yes,No,Annual reporting,Not Specified,Yes,No,Yes (unspecified),No,No,Services,22.572507741745184,5.2574953720277815,Not Specified
USA,North America,No,Net zero,2040.0,In corporate strategy,Emissions intensity target,2025.0,Carbon dioxide and other GHGs,Yes,Yes,Yes,Annual reporting,Yes,Yes,No,"Yes (CCS-based removals e.g. BECCS, DACCS)",No,No,Fossil Fuels,23.015800594187965,7.972810784121404,No
USA,North America,No,Net zero,2050.0,In corporate strategy,Emissions reduction target,2030.0,Not Specified,Yes,Yes,Yes,Annual reporting,Yes,Not Specified,No,"Yes (nature-based removals e.g. Forestation, soil carbon enhancement)",No,Yes,"Food, beverage & agriculture",24.318960351360097,11.407576060361786,Yes
JPN,East Asia,No,Net zero,2050.0,In corporate strategy,Emissions reduction target,2030.0,Carbon dioxide and other GHGs,Yes,Yes,Yes,Annual reporting,Not Specified,Not Specified,No,Yes (unspecified),No,No,Transportation services,23.55630269490046,10.470050580986621,Yes
DEU,Europe,No,Carbon neutral(ity),2050.0,Declaration / pledge,Emissions reduction target,2025.0,Not Specified,Yes,Yes,No,Annual reporting,Not Specified,Yes,No,Not Specified,No,No,Services,22.71986910045304,8.932080438103307,Partial
USA,North America,No,Net zero,2032.0,In corporate strategy,Emissions reduction target,2030.0,Carbon dioxide and other GHGs,Yes,Yes,No,Annual reporting,Not Specified,No,No,No,No,No,Retail,23.48023317834672,11.082157933374816,No
USA,North America,No,Net zero,2050.0,In corporate strategy,Emissions reduction target,2025.0,Not Specified,Yes,Yes,Yes,Annual reporting,Not Specified,Yes,No,Not Specified,No,No,Retail,23.994847957483493,10.310584661539417,Not Specified
VNM,East Asia,No,Net zero,2045.0,In corporate strategy,No target,2030.0,Not Specified,Not Specified,Not Specified,No,Annual reporting,Not Specified,Not Specified,No,Not Specified,No,No,Services,22.651302924612448,10.275016625615446,Not Specified
TUR,Western and Central Asia,No,Net zero,2050.0,Declaration / pledge,Emissions reduction target,2030.0,Carbon dioxide and other GHGs,Yes,Yes,Yes,Annual reporting,Not Specified,No,No,Yes (unspecified),No,No,Services,23.402299089046757,11.118044150401708,Partial
CAN,North America,No,Net zero,2050.0,In corporate strategy,Other,2030.0,Carbon dioxide and other GHGs,Yes,Yes,Yes,Annual reporting,Yes,Yes,No,Not Specified,No,Yes,Services,25.191183429519597,12.429220196836383,Partial
IND,South Asia,No,Net zero,2040.0,In corporate strategy,Emissions reduction target,2030.0,Carbon dioxide and other GHGs,Yes,Yes,Yes,Annual reporting,Yes,Not Specified,No,Not Specified,No,Yes,Services,23.14443364585622,12.206077645517674,Yes
ZAF,Africa,No,Emissions reduction target,2030.0,In corporate strategy,No target,2030.0,Carbon dioxide and other GHGs,Yes,Yes,No,Annual reporting,Not Specified,Not Specified,No,Not Specified,No,No,Services,8.823058934301647,9.666181687409415,Partial
USA,North America,No,No target,2050.0,In corporate strategy,No target,2030.0,Not Specified,Yes,Yes,No,Annual reporting,Yes,No,No,Not Specified,No,No,Services,22.225563874045225,8.03947991910045,Not Specified
USA,North America,No,No target,2045.0,In corporate strategy,No target,2030.0,Not Specified,Not Specified,Not Specified,No,Annual reporting,Not Specified,Not Specified,No,Not Specified,No,No,"Biotech, health care & pharma",25.854843614832685,11.010415172807951,Not Specified
AUS,Oceania,No,Net zero,2040.0,In corporate strategy,Net zero or similar,2025.0,Not Specified,Yes,Yes,Yes,Annual reporting,Yes,Yes,Yes,Yes (nature-based and CCS-based removals),No,Yes,Infrastructure,23.12116110983569,9.463198053273784,Yes
USA,North America,No,Carbon neutral(ity),2050.0,In corporate strategy,Emissions reduction target,2035.0,Carbon dioxide only,Yes,Yes,Yes,Annual reporting,Yes,Yes,No,Yes (unspecified),Yes,Yes,Manufacturing,25.94357841785188,12.049424683420915,Yes
PRT,Europe,No,Net zero,2050.0,In corporate strategy,Emissions reduction target,2030.0,Carbon dioxide and other GHGs,Yes,Yes,Yes,Annual reporting,Yes,Not Specified,No,Not Specified,No,No,Fossil Fuels,10.045551191799596,8.866017398810255,Partial
FRA,Europe,No,Carbon neutral(ity),2050.0,In corporate strategy,Emissions reduction target,2030.0,Carbon dioxide and other GHGs,Yes,Yes,Yes,Annual reporting,Not Specified,Not Specified,No,No,No,No,Services,22.791520033112075,10.399646139258715,Yes
KOR,East Asia,No,Carbon neutral(ity),2050.0,In corporate strategy,Emissions reduction target,2030.0,Not Specified,Yes,Yes,Yes,Annual reporting,Yes,Yes,No,Not Specified,No,No,Materials,22.678560386024888,8.405143687607614,Yes
JPN,East Asia,No,Net zero,2050.0,In corporate strategy,Emissions reduction target,2030.0,Not Specified,Yes,Yes,Yes,Annual reporting,Not Specified,Not Specified,No,Not Specified,No,No,Infrastructure,21.880461450027784,7.5678626054638825,Yes
USA,North America,No,Emissions reduction target,2030.0,In corporate strategy,Other,2030.0,Carbon dioxide and other GHGs,Yes,Yes,Yes,Annual reporting,Not Specified,Not Specified,No,Not Specified,No,No,Retail,25.795397529620313,13.060702844216937,Yes
CHL,Latin America and the Caribbean,No,Net zero,2050.0,Proposed / in discussion,Emissions reduction target,2030.0,Carbon dioxide and other GHGs,Yes,Yes,Yes,Annual reporting,Yes,Yes,Yes,"Yes (nature-based removals e.g. Forestation, soil carbon enhancement)",No,No,Transportation services,23.275753250633244,10.562690077043136,Partial
IND,South Asia,No,Net zero,2070.0,In corporate strategy,No target,2030.0,Carbon dioxide and other GHGs,Yes,Yes,No,No reporting mechanism,Not Specified,Not Specified,No,No,No,No,Services,23.30507231155001,11.372743434370365,No
IND,South Asia,No,Net zero,2030.0,Declaration / pledge,Net zero or similar,2026.0,Carbon dioxide and other GHGs,Yes,Yes,Yes,Annual reporting,Not Specified,Not Specified,No,Yes (nature-based and CCS-based removals),No,No,Fossil Fuels,23.54291704135553,12.35042836814744,Yes
USA,North America,Yes,Emissions reduction target,2025.0,In corporate strategy,Emissions reduction target,2030.0,Carbon dioxide only,Yes,Not Specified,No,No reporting mechanism,Not Specified,Not Specified,No,Not Specified,No,No,Fossil Fuels,23.693680302567394,9.635804166591036,Not Specified
DNK,Europe,No,Emissions reduction target,2050.0,In corporate strategy,Emissions reduction target,2030.0,Carbon dioxide and other GHGs,Yes,Yes,Yes,Annual reporting,Not Specified,Not Specified,No,Not Specified,Yes,No,"Biotech, health care & pharma",21.446942223026145,7.415175109613295,Yes
TWN,East Asia,No,Net zero,2050.0,In corporate strategy,Emissions reduction target,2027.0,Carbon dioxide and other GHGs,Yes,Yes,Yes,Annual reporting,Not Specified,Not Specified,No,Not Specified,No,No,Services,21.997790297502856,9.75857738074032,Partial
JPN,East Asia,No,Emissions reduction target,2031.0,Proposed / in discussion,No target,2030.0,Carbon dioxide only,Yes,Yes,Yes,Annual reporting,Yes,Not Specified,No,Not Specified,No,No,Retail,23.43981316836867,10.098272780745283,Yes
JPN,East Asia,No,Carbon neutral(ity),2050.0,In corporate strategy,Absolute emissions target,2030.0,Carbon dioxide only,Yes,Yes,Yes,Annual reporting,Yes,Not Specified,No,Not Specified,No,No,Materials,8.802672840312818,10.14348822091676,No
CAN,North America,No,Emissions reduction target,2030.0,In corporate strategy,No target,2030.0,Carbon dioxide and other GHGs,Yes,Yes,Yes,Annual reporting,Yes,Not Specified,No,"Yes (CCS-based removals e.g. BECCS, DACCS)",No,No,Fossil Fuels,22.39811688811608,8.005700678662542,No
HKG,East Asia,No,Net zero,2035.0,In corporate strategy,Emissions intensity target,2025.0,Carbon dioxide only,Yes,Yes,Yes,Annual reporting,Yes,Not Specified,No,Not Specified,No,No,Services,21.33791078989223,7.00397413672268,No
CHE,Europe,No,Net zero,2035.0,In corporate strategy,Emissions reduction target,2025.0,Carbon dioxide and other GHGs,Yes,Yes,Yes,Annual reporting,Yes,Not Specified,No,Not Specified,No,Yes,Services,23.251471411209362,9.897871813750493,Yes
MEX,North America,No,Net zero,2050.0,In corporate strategy,Emissions reduction target,2025.0,Carbon dioxide and other GHGs,Yes,Yes,Yes,Annual reporting,Not Specified,Not Specified,No,"Yes (nature-based removals e.g. Forestation, soil carbon enhancement)",No,Yes,"Food, beverage & agriculture",23.82515830637376,11.93325948094451,Yes
USA,North America,No,Net zero,2040.0,In corporate strategy,Emissions reduction target,2030.0,Carbon dioxide and other GHGs,Yes,Yes,Yes,Annual reporting,Yes,Yes,No,Not Specified,No,No,Fossil Fuels,22.419798456414764,8.955060950631902,No
TWN,East Asia,No,Net zero,2050.0,Declaration / pledge,Emissions reduction target,2030.0,Carbon dioxide and other GHGs,Yes,Yes,Yes,Annual reporting,Yes,Not Specified,Yes,Not Specified,Yes,No,Retail,24.51199062605269,10.933124826700707,Partial
USA,North America,No,No target,2050.0,In corporate strategy,No target,2030.0,Not Specified,Not Specified,Not Specified,No,No reporting mechanism,Not Specified,Not Specified,No,No,No,No,Services,20.550102219126284,8.347353412124338,Not Specified
SGP,East Asia,No,Net zero,2050.0,In corporate strategy,Emissions reduction target,2030.0,Carbon dioxide and other GHGs,Yes,Yes,Yes,Annual reporting,Yes,Yes,No,Not Specified,No,No,Services,23.788104308945613,10.375738654322342,Yes
HKG,East Asia,No,Carbon neutral(ity),2050.0,In corporate strategy,Emissions reduction target,2025.0,Carbon dioxide and other GHGs,Yes,Yes,Yes,Annual reporting,Yes,Yes,No,Yes (unspecified),No,No,Fossil Fuels,22.775336181958583,7.65491704784832,Not Specified
JPN,East Asia,No,Net zero,2050.0,In corporate strategy,Emissions reduction target,2030.0,Carbon dioxide and other GHGs,Yes,Yes,Yes,Annual reporting,Not Specified,Not Specified,No,"Yes (CCS-based removals e.g. BECCS, DACCS)",No,No,Materials,23.248994481334666,9.783802709590148,Not Specified
ESP,Europe,No,Net zero,2040.0,In corporate strategy,Emissions reduction target,2030.0,Not Specified,Yes,Yes,Yes,Annual reporting,Not Specified,Not Specified,Yes,Yes (unspecified),No,Yes,Apparel,24.45148618932284,11.995869998348764,Yes
GBR,Europe,No,Net zero,2041.0,In corporate strategy,Emissions reduction target,2031.0,Carbon dioxide and other GHGs,Yes,Yes,Yes,Annual reporting,Yes,Not Specified,No,Not Specified,No,Yes,Services,24.006505167675403,11.496806245590331,Yes
CHE,Europe,Yes,Net zero,2050.0,In corporate strategy,Emissions reduction target,2030.0,Carbon dioxide and other GHGs,Yes,Yes,No,No reporting mechanism,Not Specified,Not Specified,No,"Yes (CCS-based removals e.g. BECCS, DACCS)",No,No,Retail,24.185965886233852,10.933124826700707,Yes
NLD,Europe,Yes,Climate neutral,2050.0,Declaration / pledge,No target,2030.0,Carbon dioxide only,Yes,Yes,No,Annual reporting,Not Specified,Not Specified,No,"Yes (nature-based removals e.g. Forestation, soil carbon enhancement)",No,No,Services,24.041081609705746,9.754784507365798,Yes
USA,North America,Yes,No target,2050.0,In corporate strategy,No target,2030.0,Carbon dioxide only,Not Specified,Not Specified,No,Annual reporting,Not Specified,Not Specified,No,Not Specified,Yes,No,Services,23.333335629761947,9.754784507365798,Not Specified
CHN,East Asia,No,Carbon neutral(ity),2050.0,In corporate strategy,Other,2028.0,Carbon dioxide and other GHGs,Yes,Yes,Yes,Annual reporting,Yes,Yes,No,Yes (nature-based and CCS-based removals),No,No,Services,23.708947774697407,11.170449240431308,Not Specified
CHN,East Asia,No,Net zero,2050.0,In corporate strategy,Emissions reduction target,2030.0,Carbon dioxide and other GHGs,Yes,Yes,Yes,Annual reporting,Yes,No,No,"Yes (CCS-based removals e.g. BECCS, DACCS)",No,No,Fossil Fuels,23.045653557334674,9.635804166591036,No
KOR,East Asia,No,Carbon neutral(ity),2050.0,Declaration / pledge,Emissions reduction target,2030.0,Carbon dioxide and other GHGs,Yes,Yes,No,Annual reporting,Yes,Yes,No,"Yes (nature-based removals e.g. Forestation, soil carbon enhancement)",No,No,Power generation,24.949953586170825,9.933240510685476,Yes
JPN,East Asia,No,Carbon neutral(ity),2040.0,In corporate strategy,Emissions reduction target,2030.0,Carbon dioxide and other GHGs,Yes,Yes,Yes,Annual reporting,Yes,Not Specified,No,"Yes (nature-based removals e.g. Forestation, soil carbon enhancement)",Yes,No,Manufacturing,24.251389512210313,11.299051319663167,Yes
TWN,East Asia,No,Net zero,2050.0,In corporate strategy,Emissions reduction target,2030.0,Carbon dioxide and other GHGs,Yes,Yes,Yes,Annual reporting,Yes,Not Specified,No,Not Specified,No,No,Manufacturing,23.527837605099776,10.833424746444134,Yes
USA,North America,No,Net zero,2050.0,In corporate strategy,Other,2030.0,Carbon dioxide and other GHGs,Yes,Yes,Yes,Annual reporting,Not Specified,Not Specified,No,"Yes (CCS-based removals e.g. BECCS, DACCS)",No,No,Materials,23.818843445515366,10.196194479235656,Yes
HKG,East Asia,No,Other,2021.0,Achieved (externally validated),No target,2030.0,Carbon dioxide and other GHGs,Yes,Yes,No,Annual reporting,Not Specified,Yes,No,No,Yes,No,Services,22.58252817943184,9.335297611380566,Yes
CHN,East Asia,No,No target,2050.0,In corporate strategy,No target,2030.0,Not Specified,Not Specified,Not Specified,No,Annual reporting,Not Specified,Not Specified,No,Not Specified,No,No,Services,21.631524397526526,9.627009150591672,Not Specified
CAN,North America,No,Net zero,2050.0,In corporate strategy,Emissions reduction target,2030.0,Carbon dioxide and other GHGs,Yes,Yes,No,Annual reporting,Not Specified,Yes,No,Not Specified,No,No,Services,22.515025306341133,10.102379394048045,Yes
CHN,East Asia,Yes,Carbon neutral(ity),2045.0,In corporate strategy,Net zero or similar,2040.0,Carbon dioxide only,Not Specified,Not Specified,Yes,Annual reporting,Not Specified,Not Specified,No,Not Specified,No,No,Manufacturing,24.59217255132181,10.833424746444134,Not Specified
DEU,Europe,No,Climate neutral,2035.0,In corporate strategy,Emissions reduction target,2027.0,Carbon dioxide and other GHGs,Yes,Yes,Yes,Annual reporting,Not Specified,Yes,No,Not Specified,No,No,Power generation,24.343464870782217,10.321934694867462,Yes
CHN,East Asia,No,Carbon neutral(ity),2060.0,In corporate strategy,Emissions reduction target,2025.0,Not Specified,Not Specified,Not Specified,No,No reporting mechanism,No,Not Specified,No,Not Specified,No,No,Infrastructure,23.897227974432937,10.809768351780965,Not Specified
JPN,East Asia,No,Net zero,2050.0,In corporate strategy,Emissions reduction target,2030.0,Carbon dioxide and other GHGs,Yes,Yes,No,Annual reporting,Not Specified,Not Specified,No,Not Specified,No,No,Services,21.994429891093176,9.080573313917117,Not Specified
USA,North America,No,No target,2045.0,In corporate strategy,No target,2030.0,Not Specified,Not Specified,Not Specified,No,Annual reporting,Not Specified,Not Specified,No,No,No,No,"Biotech, health care & pharma",23.485046360532767,11.502885230075814,Not Specified
NOR,Europe,No,Net zero,2050.0,In corporate strategy,Other,2030.0,Carbon dioxide and other GHGs,Yes,Yes,Yes,Annual reporting,Not Specified,Yes,No,Not Specified,No,No,Services,23.732802391526114,9.302098797215724,No
JPN,East Asia,No,Carbon neutral(ity),2050.0,In corporate strategy,Emissions reduction target,2030.0,Carbon dioxide and other GHGs,Yes,Yes,Yes,Annual reporting,Not Specified,Not Specified,No,Not Specified,No,No,Power generation,24.593007450138813,10.623447048747229,Yes
USA,North America,No,Carbon neutral(ity),2040.0,In corporate strategy,Emissions reduction target,2030.0,Carbon dioxide and other GHGs,Yes,Yes,Yes,Annual reporting,No,Yes,No,Yes (unspecified),No,No,"Biotech, health care & pharma",23.084119838158774,10.545367754151743,No
GBR,Europe,No,Net zero,2040.0,In corporate strategy,Emissions reduction target,2030.0,Carbon dioxide and other GHGs,Yes,Yes,Yes,Annual reporting,Yes,Not Specified,No,Not Specified,No,Yes,Services,24.70537444995989,11.46394528274851,Yes
HKG,East Asia,No,Emissions reduction target,2029.0,Proposed / in discussion,No target,2030.0,Carbon dioxide only,Yes,Yes,No,Less than annual reporting,Not Specified,Not Specified,No,Not Specified,No,No,Infrastructure,23.135960152710062,10.596659732783579,Not Specified
CHN,East Asia,No,Other,2060.0,Declaration / pledge,No target,2030.0,Carbon dioxide only,Not Specified,Not Specified,Yes,Annual reporting,No,Yes,Yes,Not Specified,No,No,Transportation services,22.898585579008152,10.460442661144333,Not Specified
KOR,East Asia,No,Net zero,2050.0,In corporate strategy,Emissions reduction target,2030.0,Carbon dioxide and other GHGs,Not Specified,Not Specified,Yes,Annual reporting,Not Specified,No,No,No,No,No,Retail,23.845674813370955,10.079329830732325,Not Specified
ESP,Europe,No,Net zero,2045.0,In corporate strategy,Emissions reduction target,2025.0,Carbon dioxide and other GHGs,Yes,Yes,Yes,Annual reporting,Yes,Yes,No,Yes (nature-based and CCS-based removals),No,No,Infrastructure,10.715195244217844,11.965814725313125,No
USA,North America,No,Emissions reduction target,2034.0,In corporate strategy,No target,2030.0,Not Specified,Yes,Yes,Yes,Annual reporting,Not Specified,Not Specified,No,Not Specified,No,No,"Food, beverage & agriculture",24.819292317300896,10.518700218288165,No
CHN,East Asia,No,Emissions intensity target,2026.0,In corporate strategy,No target,2030.0,Carbon dioxide and other GHGs,Yes,Yes,Yes,Annual reporting,Not Specified,Not Specified,No,Not Specified,No,No,Hospitality,8.689801056022553,11.829041921334367,No
USA,North America,No,Net zero,2045.0,Declaration / pledge,Emissions reduction target,2030.0,Not Specified,Yes,Yes,Yes,Less than annual reporting,Yes,Yes,No,Not Specified,No,Yes,Services,24.8503840928453,10.064798252418377,Yes
USA,North America,No,Net zero,2030.0,In corporate strategy,No target,2030.0,Carbon dioxide and other GHGs,Yes,Yes,No,Annual reporting,Yes,Not Specified,No,No,No,Yes,Power generation,22.95328023721315,8.872206756028303,No
GBR,Europe,No,Net zero,2050.0,In corporate strategy,Net zero or similar,2025.0,Carbon dioxide and other GHGs,Yes,Yes,No,Annual reporting,Yes,Yes,No,Yes (nature-based and CCS-based removals),No,Yes,Services,23.767788274717454,11.343310832172625,Yes
USA,North America,No,Carbon neutral(ity),2022.0,Achieved (self-declared),No target,2030.0,Carbon dioxide and other GHGs,Yes,Yes,No,Annual reporting,Not Specified,Yes,No,Not Specified,No,No,Services,23.479598136730193,9.278092474027002,No
SGP,East Asia,No,Net zero,2050.0,In corporate strategy,Emissions reduction target,2030.0,Carbon dioxide only,Yes,Yes,Yes,Annual reporting,Yes,Yes,No,Not Specified,No,No,Infrastructure,22.36922852425571,9.754929537894979,No
AUS,Oceania,No,Net zero,2050.0,In corporate strategy,Emissions reduction target,2030.0,Not Specified,Yes,Yes,Yes,Annual reporting,No,Yes,No,No,No,Yes,Services,23.635616501615697,10.444968464561736,Partial
PER,Latin America and the Caribbean,No,Carbon neutral(ity),2032.0,In corporate strategy,No target,2030.0,Carbon dioxide and other GHGs,Yes,Yes,No,Annual reporting,No,No,No,No,No,No,Services,23.001148317402585,10.741687004795212,No
BEL,Europe,No,Net zero,2040.0,In corporate strategy,Emissions reduction target,2025.0,Not Specified,Yes,Yes,Yes,Annual reporting,Not Specified,Not Specified,No,"Yes (nature-based removals e.g. Forestation, soil carbon enhancement)",No,No,"Food, beverage & agriculture",24.813752968857937,11.876776598357928,Yes
FRA,Europe,No,Carbon neutral(ity),2050.0,In corporate strategy,Emissions reduction target,2029.0,Not Specified,Yes,Yes,Yes,Annual reporting,Yes,Not Specified,No,Not Specified,No,Yes,Services,25.4539050014778,11.296248460401893,Yes
KOR,East Asia,No,Carbon neutral(ity),2050.0,In corporate strategy,Emissions reduction target,2030.0,Not Specified,Yes,Yes,Yes,Annual reporting,Not Specified,Not Specified,No,Not Specified,No,No,Services,23.44410063247386,8.713253274320705,Yes
USA,North America,No,Net zero,2050.0,Proposed / in discussion,No target,2030.0,Not Specified,Not Specified,Not Specified,Yes,Annual reporting,Not Specified,Not Specified,No,Not Specified,No,Yes,Services,22.508000691405343,9.568084743872936,Not Specified
CHN,East Asia,Yes,Net zero,2050.0,In corporate strategy,Emissions reduction target,2030.0,Carbon dioxide only,Yes,Yes,Yes,Annual reporting,Not Specified,Yes,No,Not Specified,No,No,Infrastructure,25.30311821496047,9.463198053273784,No
AUT,Europe,No,Net zero,2050.0,In corporate strategy,Other,2030.0,Not Specified,Yes,Yes,Yes,Annual reporting,Yes,Not Specified,No,Not Specified,No,No,Services,22.710043693899966,9.458683724312134,Yes
ISR,Western and Central Asia,No,Carbon neutral(ity),2040.0,Declaration / pledge,No target,2030.0,Not Specified,Not Specified,Not Specified,Yes,Annual reporting,Not Specified,Not Specified,No,Not Specified,No,No,Services,21.68031456167676,8.80537513890967,Not Specified
USA,North America,No,Science-based target,2030.0,In corporate strategy,No target,2030.0,Carbon dioxide and other GHGs,Yes,Yes,Yes,Annual reporting,Yes,No,No,Not Specified,Yes,No,Services,21.746435930807117,7.783640596221253,Yes
CHN,East Asia,No,Emissions reduction target,1000.0,In corporate strategy,No target,2030.0,Carbon dioxide and other GHGs,Yes,Yes,Yes,Annual reporting,Not Specified,Not Specified,No,Not Specified,No,No,Manufacturing,24.009688154503873,10.364261216403174,Partial
USA,North America,No,Net zero,2040.0,In corporate strategy,Emissions reduction target,2030.0,Carbon dioxide only,Yes,Yes,Yes,Annual reporting,Yes,No,No,No,No,No,Services,23.8903851022837,10.098272780745283,Partial
FRA,Europe,No,Net zero,2040.0,Proposed / in discussion,Emissions reduction target,2025.0,Carbon dioxide and other GHGs,Yes,Yes,No,Annual reporting,Not Specified,Not Specified,No,Not Specified,No,Yes,Services,23.979861248880145,12.95623322941655,Yes
USA,North America,No,Emissions reduction target,2025.0,Achieved (self-declared),No target,2030.0,Not Specified,Yes,Yes,Yes,Annual reporting,Not Specified,Not Specified,No,Not Specified,No,No,Services,21.904072363547538,8.98882050177807,No
USA,North America,No,No target,2050.0,In corporate strategy,No target,2030.0,Not Specified,Not Specified,Not Specified,No,Annual reporting,Not Specified,Not Specified,No,Not Specified,No,No,Services,25.51447565910517,9.000113045928519,Not Specified
CHN,East Asia,No,Carbon neutral(ity),2060.0,In corporate strategy,No target,2030.0,Carbon dioxide and other GHGs,Yes,Yes,Yes,Annual reporting,Not Specified,Not Specified,No,Not Specified,No,No,Transportation services,10.388933827962722,10.38640740704841,Partial
CHE,Europe,No,Zero emissions,2050.0,In corporate strategy,Emissions reduction target,2025.0,Not Specified,Yes,Yes,Yes,Annual reporting,Yes,Not Specified,No,Yes (unspecified),No,No,"Biotech, health care & pharma",24.852011825901947,11.490025245083896,Partial
COL,Latin America and the Caribbean,No,Net zero,2050.0,In corporate strategy,Emissions reduction target,2024.0,Carbon dioxide and other GHGs,Yes,Yes,Yes,Annual reporting,Yes,Yes,Yes,"Yes (nature-based removals e.g. Forestation, soil carbon enhancement)",Yes,Yes,Services,23.11349543988411,10.437492449249524,Yes
AUS,Oceania,No,Net zero,2050.0,In corporate strategy,Emissions reduction target,2030.0,Carbon dioxide and other GHGs,Yes,Yes,Yes,Annual reporting,Not Specified,Not Specified,No,Not Specified,No,No,"Food, beverage & agriculture",24.110803683856393,11.695255355062795,No
USA,North America,No,Net zero,2050.0,In corporate strategy,Emissions reduction target,2028.0,Carbon dioxide and other GHGs,Yes,Yes,No,Annual reporting,Yes,Not Specified,No,Not Specified,No,Yes,Infrastructure,23.687352632716465,8.832149906002899,Partial
USA,North America,No,Emissions reduction target,2030.0,In corporate strategy,No target,2030.0,Carbon dioxide and other GHGs,Yes,Yes,Yes,Annual reporting,Yes,Not Specified,No,Not Specified,No,No,"Food, beverage & agriculture",22.896652991582567,9.105090961257085,Yes
CHN,East Asia,Yes,Net zero,2035.0,In corporate strategy,Emissions reduction target,2028.0,Carbon dioxide and other GHGs,Yes,Yes,Yes,Annual reporting,Yes,No,No,"Yes (nature-based removals e.g. Forestation, soil carbon enhancement)",No,No,Services,24.071765429643253,9.754784507365798,Partial
USA,North America,No,Emissions reduction target,2030.0,In corporate strategy,No target,2030.0,Carbon dioxide and other GHGs,Yes,Yes,Yes,Annual reporting,Yes,Not Specified,No,Not Specified,No,No,Services,23.506979942031418,10.645448706505872,No
DEU,Europe,Yes,Net zero,2050.0,In corporate strategy,Emissions reduction target,2030.0,Carbon dioxide and other GHGs,Yes,Yes,No,Annual reporting,Not Specified,Yes,No,Not Specified,No,No,Retail,25.655290730467968,10.933124826700707,Yes
USA,North America,Yes,No target,2050.0,In corporate strategy,Emissions reduction target,2030.0,Not Specified,Not Specified,Not Specified,No,No reporting mechanism,Not Specified,Not Specified,No,Not Specified,No,No,"Food, beverage & agriculture",24.278613898464396,10.690102307253893,Not Specified
FRA,Europe,No,Net zero,2050.0,In corporate strategy,Emissions reduction target,2030.0,Carbon dioxide and other GHGs,Yes,Yes,Yes,Annual reporting,Yes,Not Specified,No,Not Specified,No,Yes,Manufacturing,22.95917679677936,10.460299413138817,Yes
ESP,Europe,No,Net zero,2030.0,Declaration / pledge,Emissions reduction target,2028.0,Not Specified,Not Specified,Not Specified,Yes,Annual reporting,Not Specified,Not Specified,No,Not Specified,No,No,Services,20.202389879010422,5.389071729816501,Not Specified
NOR,Europe,No,Net zero,2050.0,In corporate strategy,Emissions reduction target,2030.0,Not Specified,Not Specified,Not Specified,Yes,Annual reporting,Not Specified,Not Specified,No,Yes (nature-based and CCS-based removals),No,Yes,Services,23.344740929589125,7.7702232041587855,Not Specified
KOR,East Asia,No,Carbon neutral(ity),2040.0,In corporate strategy,Emissions reduction target,2030.0,Not Specified,Yes,Yes,Yes,Annual reporting,Not Specified,Not Specified,No,Not Specified,No,No,Services,23.537356322671165,9.511999311358759,No
ESP,Europe,No,Net zero,2050.0,In corporate strategy,Other,2025.0,Carbon dioxide and other GHGs,Yes,Yes,Yes,Annual reporting,Yes,Not Specified,No,Not Specified,Yes,Yes,Services,22.547815129158746,9.786391780659882,Yes
KOR,East Asia,No,Net zero,2050.0,In corporate strategy,Emissions reduction target,2020.0,Carbon dioxide and other GHGs,Yes,Yes,Yes,Annual reporting,Yes,Not Specified,No,"Yes (CCS-based removals e.g. BECCS, DACCS)",No,Yes,Services,24.072818985491327,4.787491742782046,Yes
JPN,East Asia,No,Net zero,2050.0,In corporate strategy,Emissions reduction target,2030.0,Not Specified,Not Specified,Not Specified,Yes,No reporting mechanism,Not Specified,Not Specified,No,Not Specified,No,Yes,Services,23.001148317402585,9.754784507365798,Not Specified
CAN,North America,No,Net zero,2050.0,In corporate strategy,Emissions reduction target,2030.0,Carbon dioxide and other GHGs,Yes,Yes,Yes,Annual reporting,Not Specified,Yes,No,No,No,No,Infrastructure,22.312501042267073,8.98594603876032,No
DEU,Europe,No,Climate neutral,2030.0,In corporate strategy,Emissions reduction target,2025.0,Carbon dioxide and other GHGs,Yes,Yes,Yes,Annual reporting,Yes,Yes,No,Not Specified,No,No,Services,23.88463965958552,10.04953405346537,Partial
USA,North America,No,Emissions reduction target,2030.0,In corporate strategy,Other,2027.0,Carbon dioxide and other GHGs,Yes,Yes,Yes,Annual reporting,No,Not Specified,No,Not Specified,No,No,Retail,23.04653552123124,10.87806606028079,No
USA,North America,No,Net zero,2050.0,In corporate strategy,Emissions intensity target,2035.0,Carbon dioxide and other GHGs,Yes,Yes,Yes,Annual reporting,Yes,Yes,No,Not Specified,No,Yes,Transportation services,24.71579913304028,11.80036500801413,Partial
DEU,Europe,No,Emissions reduction target,2035.0,Declaration / pledge,No target,2030.0,Not Specified,Yes,Yes,No,Less than annual reporting,Yes,Not Specified,No,Not Specified,No,No,Manufacturing,22.3719244627261,9.274347501950475,Partial
HKG,East Asia,No,Other,2030.0,In corporate strategy,No target,2030.0,Carbon dioxide only,Not Specified,Not Specified,Yes,Annual reporting,Not Specified,Not Specified,No,Not Specified,No,No,Manufacturing,19.999659450963613,8.632662441222351,Not Specified
CHN,East Asia,No,Carbon neutral(ity),2050.0,In corporate strategy,No target,2030.0,Not Specified,Not Specified,Not Specified,No,Annual reporting,Not Specified,Not Specified,No,Not Specified,No,No,Power generation,8.984944285608679,9.281823473598047,Not Specified
CHN,East Asia,No,No target,2050.0,In corporate strategy,No target,2030.0,Not Specified,Not Specified,Not Specified,No,Annual reporting,Not Specified,No,No,Not Specified,No,No,Services,23.38624893474905,10.345605978292328,Not Specified
CHN,East Asia,No,No target,2050.0,In corporate strategy,No target,2030.0,Not Specified,Not Specified,Not Specified,No,Annual reporting,Not Specified,Not Specified,No,Not Specified,No,No,Infrastructure,22.15166137432463,9.229358377811945,Not Specified
USA,North America,No,Net zero,2045.0,In corporate strategy,Emissions reduction target,2030.0,Carbon dioxide and other GHGs,Yes,Yes,No,Annual reporting,Not Specified,Not Specified,No,Yes (unspecified),No,No,Services,23.0589955286295,9.350189267092581,Yes
CHN,East Asia,No,No target,2025.0,In corporate strategy,No target,2030.0,Carbon dioxide and other GHGs,No,No,No,No reporting mechanism,No,Not Specified,No,Not Specified,No,No,Services,23.932576056985294,10.569725916538856,No
JPN,East Asia,No,Carbon neutral(ity),2050.0,In corporate strategy,Emissions reduction target,2030.0,Carbon dioxide and other GHGs,Yes,Yes,Yes,Annual reporting,Not Specified,Not Specified,No,"Yes (CCS-based removals e.g. BECCS, DACCS)",No,No,Manufacturing,26.455201595825205,12.850013825472695,Yes
MEX,North America,No,Emissions reduction target,2030.0,In corporate strategy,Emissions reduction target,2030.0,Carbon dioxide only,Yes,Yes,Yes,Annual reporting,Not Specified,Not Specified,No,"Yes (nature-based removals e.g. Forestation, soil carbon enhancement)",No,No,"Food, beverage & agriculture",24.47662131026815,12.877089241202125,Yes
KOR,East Asia,No,Net zero,2050.0,In corporate strategy,Emissions reduction target,2030.0,Not Specified,Yes,Yes,Yes,Annual reporting,Not Specified,Yes,No,Not Specified,No,No,Services,22.14081658795916,3.9512437185814275,No
CHN,East Asia,No,No target,2050.0,In corporate strategy,No target,2030.0,Not Specified,Not Specified,Not Specified,No,No reporting mechanism,Not Specified,Not Specified,No,No,No,No,"Food, beverage & agriculture",21.854667948760092,10.544709660231154,Not Specified
KOR,East Asia,No,Net zero,2050.0,In corporate strategy,Emissions reduction target,2044.0,Carbon dioxide and other GHGs,Yes,Yes,Yes,Annual reporting,Not Specified,Not Specified,No,Not Specified,No,No,Services,23.77868111270868,5.017279836814924,Yes
CHN,East Asia,No,No target,2050.0,In corporate strategy,No target,2030.0,Carbon dioxide and other GHGs,Not Specified,Not Specified,No,Annual reporting,Not Specified,Not Specified,No,Not Specified,No,No,Services,22.17300437085747,8.53089883847235,Not Specified
IND,South Asia,No,Net zero,2070.0,Declaration / pledge,Other,2030.0,Carbon dioxide and other GHGs,Yes,Yes,Yes,Annual reporting,Not Specified,Yes,No,"Yes (CCS-based removals e.g. BECCS, DACCS)",No,No,Materials,23.325288633477214,11.642716119750888,Not Specified
USA,North America,No,Emissions intensity target,2030.0,In corporate strategy,No target,2030.0,Carbon dioxide and other GHGs,Yes,Yes,Yes,Annual reporting,Not Specified,Not Specified,No,Not Specified,No,No,Fossil Fuels,22.923596696012467,7.392647520721623,No
USA,North America,No,Science-based target,2034.0,In corporate strategy,No target,2030.0,Carbon dioxide and other GHGs,Yes,Yes,No,Annual reporting,Yes,Yes,No,No,No,No,Transportation services,23.217462533724067,9.883335864325275,Partial
ISR,Western and Central Asia,No,GHG neutral(ity),2050.0,In corporate strategy,No target,2030.0,Not Specified,Yes,Yes,Yes,Annual reporting,Yes,Not Specified,No,Not Specified,No,No,Infrastructure,20.370867451197412,5.971261839790462,Yes
HKG,East Asia,No,Net zero,2050.0,In corporate strategy,Emissions reduction target,2030.0,Carbon dioxide and other GHGs,Yes,Yes,Yes,Annual reporting,Yes,Not Specified,No,Not Specified,No,Yes,Infrastructure,22.118519939685545,9.305741456739435,Yes
GBR,Europe,No,Net zero,2050.0,In corporate strategy,Other,2025.0,Carbon dioxide and other GHGs,Yes,Yes,No,Annual reporting,Yes,Not Specified,No,Not Specified,Yes,No,Services,23.14327834690534,10.854875121447712,Yes
JPN,East Asia,No,Net zero,2050.0,In corporate strategy,Emissions reduction target,2030.0,Carbon dioxide and other GHGs,Yes,Yes,Yes,Annual reporting,No,No,No,Not Specified,No,No,Services,22.97697576226333,10.516291980413534,Yes
USA,North America,No,Emissions reduction target,2030.0,In corporate strategy,No target,2030.0,Carbon dioxide and other GHGs,Yes,Yes,No,Annual reporting,Yes,Not Specified,No,Not Specified,No,No,Manufacturing,22.797443549076807,10.085850775128717,Yes
FRA,Europe,No,Net zero,2050.0,In corporate strategy,Emissions reduction target,2030.0,Carbon dioxide and other GHGs,Yes,Yes,Yes,Annual reporting,Not Specified,Not Specified,No,Not Specified,Yes,No,Manufacturing,24.12379632965422,11.506555217962385,Yes
CHN,East Asia,No,No target,2050.0,In corporate strategy,No target,2030.0,Not Specified,Not Specified,Not Specified,No,Annual reporting,Not Specified,Not Specified,No,Not Specified,No,No,Services,23.42462704996494,9.617603862025726,Not Specified
USA,North America,No,Emissions reduction target,2030.0,In corporate strategy,Emissions reduction target,2030.0,Carbon dioxide and other GHGs,Yes,Yes,Yes,Annual reporting,Not Specified,No,No,No,No,No,"Food, beverage & agriculture",23.200896077847577,9.90353755128617,Yes
CAN,North America,No,Emissions reduction target,2030.0,In corporate strategy,No target,2030.0,Carbon dioxide and other GHGs,Yes,Yes,No,Annual reporting,Yes,Not Specified,No,Not Specified,No,No,Retail,23.20315994499462,10.37527084723745,Not Specified
ITA,Europe,No,Carbon neutral(ity),2030.0,In corporate strategy,Emissions reduction target,2025.0,Carbon dioxide only,Not Specified,Not Specified,No,Annual reporting,Yes,Not Specified,No,Not Specified,No,Yes,Manufacturing,22.515025306341133,10.360152617342683,Not Specified
USA,North America,No,Carbon neutral(ity),2035.0,In corporate strategy,Emissions reduction target,2027.0,Carbon dioxide and other GHGs,Yes,Yes,Yes,Annual reporting,Not Specified,Not Specified,No,Not Specified,No,No,Services,23.295878067229854,10.003423381148728,No
TWN,East Asia,No,Net zero,2050.0,In corporate strategy,Other,2030.0,Carbon dioxide and other GHGs,Yes,Yes,Yes,Annual reporting,Yes,Not Specified,No,Not Specified,No,Yes,Services,24.358216949061177,10.946675217598633,Yes
USA,North America,No,Emissions intensity target,2030.0,Declaration / pledge,No target,2030.0,Not Specified,Yes,Yes,Yes,Annual reporting,Not Specified,No,No,No,No,No,Materials,23.219936353737012,9.651236971915612,No
USA,North America,No,Net zero,2050.0,Declaration / pledge,Emissions intensity target,2026.0,Carbon dioxide and other GHGs,Yes,Yes,Yes,Annual reporting,Not Specified,Yes,No,No,No,No,Hospitality,22.972450153318828,10.638280388314705,Yes
USA,North America,No,Net zero,2050.0,In corporate strategy,Emissions reduction target,2025.0,Carbon dioxide and other GHGs,Yes,Yes,No,Annual reporting,Yes,Yes,No,"Yes (CCS-based removals e.g. BECCS, DACCS)",No,No,Manufacturing,22.98502893552437,9.278092474027002,Partial
CHN,East Asia,No,Carbon neutral(ity),2050.0,In corporate strategy,Other,2029.0,Not Specified,Yes,Yes,Yes,Annual reporting,Yes,Yes,Yes,Yes (nature-based and CCS-based removals),Yes,No,Materials,26.43910862609827,10.796243501276619,Yes
SGP,East Asia,No,Net zero,2050.0,In corporate strategy,Emissions reduction target,2030.0,Carbon dioxide and other GHGs,Yes,Yes,Yes,Annual reporting,Not Specified,Not Specified,No,"Yes (nature-based removals e.g. Forestation, soil carbon enhancement)",No,Yes,"Food, beverage & agriculture",24.461459127637067,10.657282884047461,Yes
CHN,East Asia,No,Carbon neutral(ity),2050.0,In corporate strategy,No target,2030.0,Not Specified,Not Specified,Not Specified,No,Annual reporting,Not Specified,Not Specified,No,Not Specified,No,No,Manufacturing,23.514124149297306,11.514144721374958,Not Specified
USA,North America,No,Net zero,2040.0,In corporate strategy,Emissions reduction target,2027.0,Carbon dioxide and other GHGs,Yes,Yes,No,Annual reporting,Not Specified,Not Specified,Yes,Not Specified,No,Yes,Retail,22.540693053085487,9.438431663014326,Yes
CHE,Europe,No,Net zero,2050.0,In corporate strategy,Emissions reduction target,2025.0,Not Specified,Yes,Yes,No,Annual reporting,Not Specified,Yes,No,No,No,No,Services,21.301002166556195,7.148345743900068,Partial
KWT,Western and Central Asia,No,Carbon neutral(ity),2060.0,Declaration / pledge,Emissions reduction target,2025.0,Not Specified,Yes,Yes,Yes,Annual reporting,Not Specified,No,No,Not Specified,No,No,Services,22.24932214065885,9.754784507365798,Yes
ISR,Western and Central Asia,No,Emissions reduction target,2030.0,In corporate strategy,No target,2030.0,Carbon dioxide and other GHGs,Yes,Yes,Yes,Annual reporting,Yes,No,No,Not Specified,No,No,Services,22.766043394384322,8.883501584323207,Yes
KOR,East Asia,No,Net zero,2045.0,In corporate strategy,Emissions reduction target,2030.0,Carbon dioxide and other GHGs,Yes,Yes,Yes,Annual reporting,Yes,Not Specified,No,Yes (unspecified),No,Yes,Manufacturing,24.453958793897733,9.418248450647615,Yes
USA,North America,No,Emissions reduction target,2034.0,In corporate strategy,No target,2030.0,Carbon dioxide and other GHGs,Yes,Yes,No,Annual reporting,Yes,Not Specified,No,Not Specified,No,No,Manufacturing,24.4095419052153,11.575909653758895,No
USA,North America,No,Emissions reduction target,2030.0,Declaration / pledge,No target,2030.0,Carbon dioxide and other GHGs,Yes,Yes,Yes,Annual reporting,Not Specified,Not Specified,No,Not Specified,No,Yes,Services,20.542942284012735,7.939871576361883,Partial
FRA,Europe,No,Net zero,2050.0,In corporate strategy,Emissions reduction target,2030.0,Not Specified,Yes,Yes,Yes,Annual reporting,Yes,Not Specified,No,Not Specified,No,No,Manufacturing,23.69152413355104,11.362567583381667,Yes
USA,North America,No,Net zero,2050.0,In corporate strategy,Emissions reduction target,2025.0,Not Specified,Yes,Yes,Yes,Less than annual reporting,Not Specified,Not Specified,No,Not Specified,No,No,Infrastructure,22.267418282895374,8.81001204797317,No
USA,North America,No,Net zero,2030.0,In corporate strategy,No target,2030.0,Not Specified,Yes,Yes,No,Annual reporting,No,Not Specified,No,Not Specified,No,Yes,Services,22.079873887953475,9.235130540783402,Partial
IND,South Asia,No,Carbon neutral(ity),2040.0,In corporate strategy,Emissions reduction target,2033.0,Carbon dioxide only,Yes,Yes,Yes,Annual reporting,Not Specified,Not Specified,No,"Yes (nature-based removals e.g. Forestation, soil carbon enhancement)",No,Yes,Manufacturing,23.404629772854584,11.246691723724316,Partial
CHN,East Asia,No,No target,2050.0,In corporate strategy,No target,2030.0,Not Specified,Not Specified,Not Specified,No,Annual reporting,Not Specified,Not Specified,No,Not Specified,No,No,Services,21.365119723645122,8.117908942383155,Not Specified
KOR,East Asia,No,Carbon negative,2040.0,In corporate strategy,Emissions reduction target,2030.0,Carbon dioxide only,Yes,Yes,Yes,No reporting mechanism,Yes,Not Specified,No,Not Specified,No,No,Services,22.573608630430545,8.450839690866216,Partial
CAN,North America,No,Climate neutral,2030.0,In corporate strategy,No target,2030.0,Carbon dioxide and other GHGs,Yes,Yes,Yes,Annual reporting,Not Specified,Not Specified,No,Yes (nature-based and CCS-based removals),No,Yes,Services,23.41111333079913,11.578722568760277,Partial
IND,South Asia,No,Net zero,2050.0,In corporate strategy,Emissions reduction target,2030.0,Carbon dioxide and other GHGs,Yes,Yes,Yes,Annual reporting,Not Specified,Yes,Yes,Not Specified,Yes,No,"Food, beverage & agriculture",22.928458584042037,10.91956931926324,Yes
USA,North America,No,No target,2050.0,In corporate strategy,No target,2030.0,Carbon dioxide and other GHGs,No,No,No,Annual reporting,Not Specified,No,No,Not Specified,No,No,Fossil Fuels,23.876215511741172,9.62251624577579,No
CHN,East Asia,No,Emissions reduction target,2032.0,In corporate strategy,No target,2030.0,Carbon dioxide and other GHGs,Yes,Yes,Yes,Annual reporting,Yes,Not Specified,No,No,No,No,Manufacturing,24.646268346437346,11.79047386476276,Partial
JPN,East Asia,No,Net zero,2050.0,In corporate strategy,Emissions reduction target,2030.0,Carbon dioxide and other GHGs,Yes,Yes,No,Annual reporting,Not Specified,Not Specified,No,Not Specified,No,No,Services,24.487670116169774,10.555604383538082,Yes
CHE,Europe,No,Emissions reduction target,2035.0,In corporate strategy,Emissions reduction target,2030.0,Carbon dioxide only,Yes,Yes,Yes,Annual reporting,Yes,No,No,Not Specified,No,No,Infrastructure,21.977171010305945,9.315690887584008,No
ESP,Europe,No,Net zero,2050.0,In corporate strategy,Net zero or similar,2025.0,Carbon dioxide and other GHGs,Yes,Yes,Yes,Annual reporting,Not Specified,Yes,No,"Yes (nature-based removals e.g. Forestation, soil carbon enhancement)",No,Yes,Services,22.78645095623377,9.846705538437144,Partial
USA,North America,No,Emissions reduction target,2034.0,In corporate strategy,No target,2030.0,Carbon dioxide and other GHGs,Yes,Yes,Yes,Annual reporting,Yes,Not Specified,No,Not Specified,Yes,No,Services,21.2965027213975,7.447751280047908,Yes
GBR,Europe,No,Net zero,2050.0,In corporate strategy,Net zero or similar,2030.0,Not Specified,Yes,Yes,Yes,Annual reporting,Yes,Yes,No,Not Specified,No,No,Services,22.544745907785334,8.928905412284868,Yes
GBR,Europe,No,Net zero,2040.0,In corporate strategy,Emissions reduction target,2030.0,Carbon dioxide and other GHGs,Yes,Yes,No,Annual reporting,Yes,No,No,No,No,Yes,Materials,23.602632819425306,10.85562793730398,Yes
JPN,East Asia,No,Carbon neutral(ity),2050.0,In corporate strategy,Emissions reduction target,2030.0,Carbon dioxide and other GHGs,Yes,Yes,Yes,Annual reporting,Not Specified,Not Specified,No,Not Specified,No,Yes,Retail,23.667757446359435,10.960878461384734,Yes
USA,North America,No,Net zero,2050.0,In corporate strategy,Emissions reduction target,2031.0,Carbon dioxide and other GHGs,Yes,Yes,Yes,Annual reporting,Not Specified,Yes,Yes,Not Specified,No,Yes,Services,24.358085014236792,11.244444531767412,Yes
JPN,East Asia,No,Net zero,2050.0,In corporate strategy,Emissions reduction target,2030.0,Carbon dioxide and other GHGs,Yes,Yes,Yes,Annual reporting,Yes,Yes,No,Not Specified,No,Yes,"Food, beverage & agriculture",23.45990349496532,10.371457865995689,Yes
JPN,East Asia,No,Emissions reduction target,2030.0,In corporate strategy,No target,2030.0,Not Specified,Yes,Yes,Yes,Annual reporting,Not Specified,Not Specified,No,Not Specified,No,No,Services,20.880269586610776,8.030084094267563,No
USA,North America,No,Emissions reduction target,2040.0,In corporate strategy,Emissions reduction target,2030.0,Carbon dioxide and other GHGs,Yes,Yes,No,Annual reporting,Not Specified,Yes,No,Not Specified,No,No,Power generation,23.88391915265659,9.5655642636476,Yes
ESP,Europe,No,Carbon neutral(ity),2030.0,In corporate strategy,Emissions reduction target,2024.0,Not Specified,Yes,Yes,No,Less than annual reporting,Not Specified,Yes,Yes,Not Specified,No,Yes,Services,24.145604818394578,10.32829766690807,No
USA,North America,No,Net zero,2050.0,In corporate strategy,Emissions reduction target,2030.0,Not Specified,Yes,Yes,Yes,Annual reporting,Yes,No,No,"Yes (nature-based removals e.g. Forestation, soil carbon enhancement)",No,Yes,Hospitality,10.494629692640487,12.796636007394284,Partial
DEU,Europe,No,Net zero,2030.0,In corporate strategy,Net zero or similar,2021.0,Carbon dioxide only,Yes,Yes,Yes,Annual reporting,Yes,Yes,Yes,Yes (nature-based and CCS-based removals),No,No,Manufacturing,22.8665034368236,10.390532647636716,Yes
JPN,East Asia,No,Net zero,2050.0,In corporate strategy,Emissions reduction target,2025.0,Carbon dioxide and other GHGs,Yes,Yes,Yes,Annual reporting,Not Specified,Not Specified,No,Not Specified,No,Yes,Services,24.8539101839102,10.993664362383136,Yes
IND,South Asia,No,Net zero,2035.0,In corporate strategy,Emissions reduction target,2030.0,Carbon dioxide and other GHGs,Yes,Yes,Yes,Annual reporting,Yes,Yes,No,Yes (nature-based and CCS-based removals),No,Yes,Services,22.558563608348514,11.909901307682407,Yes
IND,South Asia,No,Net zero,2050.0,In corporate strategy,Emissions reduction target,2027.0,Carbon dioxide and other GHGs,Yes,Yes,Yes,Annual reporting,Yes,Yes,No,"Yes (nature-based removals e.g. Forestation, soil carbon enhancement)",No,Yes,Materials,24.035267639840537,10.619252022961483,Not Specified
CAN,North America,No,Net zero,2050.0,In corporate strategy,Emissions intensity target,2030.0,Carbon dioxide and other GHGs,Yes,Yes,Yes,Annual reporting,Yes,Yes,No,"Yes (CCS-based removals e.g. BECCS, DACCS)",No,No,Power generation,22.042351448640233,9.009936307631463,Partial
RUS,Europe,No,Carbon neutral(ity),2050.0,Declaration / pledge,Emissions intensity target,2025.0,Carbon dioxide and other GHGs,Yes,Yes,Yes,Annual reporting,Yes,Yes,Yes,Yes (nature-based and CCS-based removals),No,No,Fossil Fuels,9.763823105408154,11.296769940423644,Not Specified
USA,North America,No,No target,2050.0,In corporate strategy,No target,2030.0,Carbon dioxide and other GHGs,Not Specified,Not Specified,No,Annual reporting,Not Specified,Not Specified,No,Not Specified,No,No,Infrastructure,24.30140924199361,9.492959650085501,Not Specified
KOR,East Asia,No,Carbon neutral(ity),2050.0,In corporate strategy,Emissions reduction target,2030.0,Carbon dioxide and other GHGs,Yes,Yes,Yes,Annual reporting,Not Specified,Not Specified,No,Not Specified,No,Yes,"Food, beverage & agriculture",8.410498452745275,8.397508348470257,Yes
CAN,North America,No,Net zero,2050.0,In corporate strategy,Emissions reduction target,2025.0,Carbon dioxide and other GHGs,Yes,Yes,Yes,Annual reporting,Yes,Not Specified,No,Not Specified,No,No,Services,25.198782814719017,11.328533766911674,Partial
GBR,Europe,No,Net zero,2050.0,In corporate strategy,Emissions reduction target,2025.0,Carbon dioxide and other GHGs,Yes,Yes,Yes,Annual reporting,Yes,Yes,No,Not Specified,No,Yes,Services,24.22180164319372,7.608374474380783,Yes
DEU,Europe,No,Net zero,2050.0,In corporate strategy,Emissions reduction target,2025.0,Carbon dioxide and other GHGs,Yes,Yes,Yes,Annual reporting,Yes,Yes,No,Not Specified,No,Yes,Manufacturing,25.148531542668124,12.69771850797869,Yes
GBR,Europe,Yes,Net zero,2050.0,In corporate strategy,Net zero or similar,2025.0,Carbon dioxide and other GHGs,Yes,Yes,Yes,Annual reporting,Yes,Yes,Yes,Yes (unspecified),No,No,Services,24.529928326738954,9.754784507365798,Yes
DEU,Europe,No,Carbon neutral(ity),2050.0,In corporate strategy,No target,2030.0,Carbon dioxide and other GHGs,Yes,Yes,Yes,Annual reporting,Not Specified,Not Specified,No,Not Specified,No,No,Manufacturing,24.44698140591995,12.201256064404575,Yes
TWN,East Asia,No,Net zero,2050.0,In corporate strategy,Emissions reduction target,2030.0,Carbon dioxide and other GHGs,Yes,Yes,Yes,Annual reporting,Not Specified,Not Specified,No,Not Specified,No,No,Materials,23.08525127331614,10.051476430249577,Yes
JPN,East Asia,No,No target,2050.0,In corporate strategy,No target,2030.0,Not Specified,Not Specified,Not Specified,Yes,Annual reporting,Not Specified,Not Specified,No,No,Yes,No,Services,21.80337465438952,9.140990293841389,Not Specified
USA,North America,No,Carbon neutral(ity),2025.0,In corporate strategy,No target,2030.0,Carbon dioxide and other GHGs,Yes,Yes,No,Annual reporting,No,Yes,No,No,No,No,Services,23.055409732279088,10.915106645867503,No
CHE,Europe,No,Net zero,2040.0,In corporate strategy,Emissions reduction target,2030.0,Not Specified,Yes,Yes,Yes,Annual reporting,Yes,Yes,No,Yes (unspecified),No,Yes,Manufacturing,9.453992183921743,11.146589719689185,Partial
CHN,East Asia,No,Emissions reduction target,2025.0,In corporate strategy,No target,2030.0,Carbon dioxide and other GHGs,Not Specified,Not Specified,No,Annual reporting,Not Specified,Not Specified,No,Not Specified,No,No,Infrastructure,10.003966171102347,9.078635880978755,Not Specified
USA,North America,No,Net zero,2025.0,In corporate strategy,No target,2030.0,Not Specified,Yes,Yes,No,Annual reporting,Not Specified,Yes,No,Not Specified,No,No,Services,21.722426047011048,9.012011377036412,Yes
CHN,East Asia,No,No target,2050.0,In corporate strategy,No target,2030.0,Not Specified,Yes,Yes,No,Annual reporting,Not Specified,Not Specified,No,No,No,No,Infrastructure,23.413219953847097,10.625076406727377,Not Specified
USA,North America,No,Net zero,2050.0,Declaration / pledge,Emissions reduction target,2034.0,Carbon dioxide and other GHGs,Yes,Yes,No,Annual reporting,Not Specified,Yes,No,Not Specified,No,No,Services,21.678777282358464,9.137877200242468,Yes
USA,North America,No,Net zero,2050.0,In corporate strategy,Emissions reduction target,2030.0,Carbon dioxide and other GHGs,Yes,Yes,Yes,Annual reporting,Yes,Yes,Yes,Yes (unspecified),No,No,"Food, beverage & agriculture",23.9754216870881,10.491301994830229,Yes
TUR,Western and Central Asia,No,Net zero,2050.0,In corporate strategy,Emissions reduction target,2030.0,Carbon dioxide and other GHGs,Yes,Yes,Yes,Annual reporting,Not Specified,No,No,Not Specified,No,No,Services,9.826876450164288,9.508888197738269,Partial
POL,Europe,No,Net zero,2050.0,Declaration / pledge,Other,2030.0,Carbon dioxide and other GHGs,Yes,Yes,No,No reporting mechanism,Not Specified,Not Specified,No,Yes (unspecified),No,No,Fossil Fuels,25.035500173547575,11.124464955677889,Yes
ISR,Western and Central Asia,No,Emissions reduction target,2030.0,In corporate strategy,Emissions reduction target,2026.0,Carbon dioxide and other GHGs,Yes,Yes,No,Annual reporting,Not Specified,Not Specified,No,Not Specified,No,No,Services,23.15591381432643,8.966228514225776,Yes
BMU,Latin America and the Caribbean,No,Net zero,2050.0,In corporate strategy,Other,2030.0,Carbon dioxide and other GHGs,Yes,Yes,Yes,Annual reporting,Not Specified,Not Specified,No,Not Specified,No,No,Manufacturing,24.30062696608974,13.001327306361068,No
FRA,Europe,No,Carbon neutral(ity),2050.0,Declaration / pledge,Emissions reduction target,2030.0,Carbon dioxide and other GHGs,Yes,Yes,Yes,Annual reporting,Not Specified,Not Specified,No,Yes (nature-based and CCS-based removals),No,No,Services,24.011667724500537,11.669937760751914,Yes
USA,North America,No,Net zero,2050.0,In corporate strategy,Other,2030.0,Not Specified,Yes,Yes,Yes,Annual reporting,Not Specified,Not Specified,No,Not Specified,No,Yes,Retail,26.525900695240427,12.611541086966115,Yes
USA,North America,No,No target,2050.0,In corporate strategy,No target,2030.0,Carbon dioxide and other GHGs,No,No,No,No reporting mechanism,No,No,No,No,No,No,Power generation,22.357396362166003,4.48863636973214,No
SWE,Europe,No,Net zero,2045.0,In corporate strategy,Emissions reduction target,2030.0,Carbon dioxide and other GHGs,Yes,Yes,Yes,Annual reporting,Not Specified,Yes,Yes,Yes (unspecified),Yes,Yes,Infrastructure,9.722744748855389,10.162885884509508,Yes
USA,North America,No,Net zero,2050.0,In corporate strategy,Emissions reduction target,2030.0,Carbon dioxide and other GHGs,Yes,Yes,No,Annual reporting,Not Specified,Not Specified,No,Not Specified,No,No,"Food, beverage & agriculture",23.740955277901357,8.732465848349879,Yes
JPN,East Asia,No,Net zero,2050.0,In corporate strategy,Emissions reduction target,2030.0,Carbon dioxide and other GHGs,Yes,Yes,No,Annual reporting,Yes,Yes,No,Not Specified,Yes,No,Fossil Fuels,23.595360470098804,8.121183242078828,No
HKG,East Asia,No,Carbon neutral(ity),2060.0,In corporate strategy,Other,2030.0,Carbon dioxide and other GHGs,Yes,Yes,Yes,Annual reporting,Not Specified,Yes,No,Yes (nature-based and CCS-based removals),No,No,Hospitality,21.964245367190543,9.957075711706057,No
FRA,Europe,Yes,Zero carbon,2050.0,In corporate strategy,Emissions reduction target,2040.0,Carbon dioxide only,Not Specified,Not Specified,Yes,Annual reporting,Not Specified,Not Specified,No,Not Specified,No,No,Transportation services,24.171664820124658,10.442229854296327,Yes
AUS,Oceania,No,Net zero,2050.0,In corporate strategy,Net zero or similar,2030.0,Not Specified,Yes,Yes,No,Annual reporting,Not Specified,Not Specified,No,Not Specified,No,Yes,Services,10.035392623416067,9.508962384466297,Yes
CHN,East Asia,No,Carbon neutral(ity),2060.0,In corporate strategy,Other,2030.0,Carbon dioxide only,Not Specified,Not Specified,Yes,Annual reporting,No,Yes,No,Not Specified,No,No,Power generation,23.543095905568247,10.238887786196006,Not Specified
CHN,East Asia,No,No target,2045.0,In corporate strategy,No target,2030.0,Not Specified,Yes,Yes,No,Annual reporting,Yes,Not Specified,No,No,No,No,"Biotech, health care & pharma",21.847220933611307,9.934840860194123,No
USA,North America,No,Net zero,2050.0,In corporate strategy,Emissions reduction target,2025.0,Carbon dioxide and other GHGs,Yes,Yes,Yes,Annual reporting,Not Specified,Not Specified,No,Not Specified,No,Yes,Power generation,24.0590354133217,9.65745912868446,Partial
JPN,East Asia,No,Net zero,2050.0,In corporate strategy,Emissions reduction target,2030.0,Carbon dioxide and other GHGs,Yes,Yes,Yes,Annual reporting,Not Specified,Not Specified,No,No,No,No,Manufacturing,23.71448795507274,10.860824253846284,Not Specified
USA,North America,No,Net zero,2050.0,In corporate strategy,Emissions intensity target,2030.0,Carbon dioxide and other GHGs,Yes,Yes,Yes,Annual reporting,Yes,No,No,"Yes (CCS-based removals e.g. BECCS, DACCS)",No,No,Materials,10.112897224395695,10.25769445336048,No
CAN,North America,No,Net zero,2050.0,In corporate strategy,No target,2030.0,Not Specified,Not Specified,Not Specified,No,Annual reporting,Yes,Yes,No,Not Specified,No,No,Services,25.312509872394404,11.451060699493427,Yes
GBR,Europe,No,Net zero,2050.0,In corporate strategy,Emissions reduction target,2030.0,Carbon dioxide and other GHGs,Yes,Yes,Yes,Annual reporting,Yes,No,No,No,No,Yes,Services,24.541659249614394,9.622781093820773,Partial
USA,North America,No,Net zero,2040.0,Declaration / pledge,Emissions reduction target,2030.0,Not Specified,Yes,Yes,No,Annual reporting,No,No,No,Not Specified,No,Yes,Services,23.045653557334674,10.902297921958713,Yes
CAN,North America,No,Net zero,2050.0,In corporate strategy,Emissions reduction target,2030.0,Not Specified,Yes,Yes,Yes,Annual reporting,Not Specified,Not Specified,No,Not Specified,No,No,"Food, beverage & agriculture",23.885571310368547,11.775297421715827,Yes
USA,North America,No,Other,2025.0,In corporate strategy,No target,2030.0,Not Specified,Not Specified,Not Specified,No,Annual reporting,Not Specified,Not Specified,No,Not Specified,No,No,"Biotech, health care & pharma",23.04152740942391,10.933124826700707,Not Specified
PHL,East Asia,No,Net zero,2050.0,Declaration / pledge,No target,2030.0,Carbon dioxide and other GHGs,Yes,Yes,Yes,Annual reporting,Yes,Not Specified,No,Not Specified,No,No,Services,22.35250637687277,5.056245805348308,Partial
NLD,Europe,No,Carbon neutral(ity),2050.0,In corporate strategy,Emissions reduction target,2030.0,Carbon dioxide and other GHGs,Yes,Yes,Yes,Annual reporting,Yes,No,No,"Yes (nature-based removals e.g. Forestation, soil carbon enhancement)",Yes,Yes,Materials,23.163000768174875,10.451637862362272,Partial
USA,North America,No,Net zero,2040.0,In corporate strategy,Other,2025.0,Carbon dioxide and other GHGs,Yes,Yes,Yes,Annual reporting,Yes,Yes,No,"Yes (nature-based removals e.g. Forestation, soil carbon enhancement)",No,Yes,"Food, beverage & agriculture",10.550014712460847,11.32781201446548,Yes
ITA,Europe,No,Net zero,2050.0,In corporate strategy,Other,2030.0,Carbon dioxide and other GHGs,Yes,Yes,No,Annual reporting,Yes,Yes,No,Not Specified,No,Yes,Services,22.395866324525908,9.822494393326597,Partial
USA,North America,No,Emissions reduction target,2030.0,In corporate strategy,No target,2030.0,Carbon dioxide and other GHGs,Yes,Yes,Yes,Annual reporting,Yes,Not Specified,No,Not Specified,No,No,"Food, beverage & agriculture",25.714534808558497,12.921472880009725,Partial
DEU,Europe,No,Carbon neutral(ity),2040.0,In corporate strategy,Emissions reduction target,2030.0,Not Specified,Yes,Yes,Yes,Annual reporting,Yes,Yes,Yes,Yes (nature-based and CCS-based removals),No,Yes,Services,25.579894885236534,12.257402439251615,Yes
USA,North America,No,Net zero,2050.0,In corporate strategy,Emissions intensity target,2035.0,Carbon dioxide and other GHGs,Yes,Yes,Yes,Annual reporting,Not Specified,Not Specified,No,Yes (unspecified),No,Yes,Transportation services,24.8493351388789,11.542493975902508,Yes
USA,North America,No,Carbon neutral(ity),2030.0,In corporate strategy,No target,2030.0,Carbon dioxide and other GHGs,Yes,Yes,Yes,Annual reporting,Not Specified,Not Specified,No,Not Specified,No,No,Manufacturing,22.814265327583538,10.203629181337648,No
GBR,Europe,No,Net zero,2050.0,In corporate strategy,Emissions reduction target,2030.0,Carbon dioxide and other GHGs,Yes,Yes,Yes,Annual reporting,Yes,Yes,No,Not Specified,No,Yes,Services,22.006142239145053,8.769817872052617,Yes
USA,North America,No,Net zero,2050.0,In corporate strategy,Emissions reduction target,2030.0,Carbon dioxide and other GHGs,Yes,Yes,No,Less than annual reporting,Yes,Not Specified,No,Not Specified,No,Yes,Apparel,23.43703299844414,11.314486721293981,Partial
TWN,East Asia,No,Climate neutral,2050.0,In corporate strategy,Emissions reduction target,2030.0,Not Specified,Yes,Yes,Yes,Annual reporting,Yes,Not Specified,No,Not Specified,No,No,Materials,23.141409270663814,10.262873817519765,No
BRA,Latin America and the Caribbean,No,Net zero,2040.0,In corporate strategy,Emissions reduction target,2030.0,Carbon dioxide and other GHGs,Yes,Yes,Yes,Annual reporting,Yes,Not Specified,No,"Yes (nature-based removals e.g. Forestation, soil carbon enhancement)",No,Yes,Infrastructure,22.579563827468288,8.62998601889136,Yes
JPN,East Asia,No,Carbon neutral(ity),2050.0,In corporate strategy,Emissions reduction target,2030.0,Carbon dioxide only,Yes,Yes,No,Annual reporting,Not Specified,Yes,No,Not Specified,No,No,Services,20.446193944925906,7.956476798036782,No
IRL,Europe,No,Emissions reduction target,2030.0,In corporate strategy,No target,2030.0,Carbon dioxide and other GHGs,Yes,Yes,Yes,Annual reporting,Not Specified,No,No,No,No,No,Services,22.33270374958051,9.75272280064639,Yes
USA,North America,No,Emissions intensity target,2030.0,In corporate strategy,No target,2030.0,Carbon dioxide and other GHGs,Yes,Yes,Yes,Annual reporting,Yes,Not Specified,No,Not Specified,No,No,Services,23.454381311044763,10.221977646629885,Partial
CHN,East Asia,No,Carbon neutral(ity),2060.0,In corporate strategy,Other,2030.0,Carbon dioxide only,Not Specified,Not Specified,Yes,Annual reporting,Not Specified,Not Specified,No,"Yes (nature-based removals e.g. Forestation, soil carbon enhancement)",No,No,Materials,25.0019715412741,10.179982279347332,Not Specified
CHE,Europe,No,Net zero,2050.0,In corporate strategy,Emissions reduction target,2030.0,Carbon dioxide and other GHGs,Yes,Yes,Yes,Annual reporting,Yes,Yes,No,No,No,Yes,Transportation services,24.061274896688317,11.481063211821445,Yes
AUS,Oceania,No,Net zero,2050.0,In corporate strategy,Emissions reduction target,2030.0,Carbon dioxide and other GHGs,Yes,Yes,Yes,Annual reporting,Yes,Yes,No,Not Specified,No,No,Fossil Fuels,23.132640424211846,8.612685172875459,Yes
IRL,Europe,No,Net zero,2045.0,In corporate strategy,Emissions intensity target,2025.0,Carbon dioxide and other GHGs,Yes,Yes,Yes,Annual reporting,Yes,Yes,No,Not Specified,No,No,"Biotech, health care & pharma",24.149871022575596,11.461642696843066,Yes
CHN,East Asia,No,Emissions reduction target,2025.0,In corporate strategy,No target,2030.0,Carbon dioxide and other GHGs,Not Specified,Not Specified,No,Annual reporting,Not Specified,Not Specified,No,Not Specified,No,No,Services,22.45350444970346,9.73890767721833,Not Specified
ESP,Europe,No,Net zero,2050.0,In corporate strategy,Emissions reduction target,2025.0,Carbon dioxide and other GHGs,Yes,Yes,Yes,Annual reporting,Not Specified,Yes,No,Not Specified,No,Yes,Services,22.194177273731942,7.88758403166028,Yes
SWE,Europe,No,Net zero,2050.0,In corporate strategy,Emissions reduction target,2030.0,Carbon dioxide and other GHGs,Yes,Yes,Yes,Annual reporting,Not Specified,Yes,No,No,No,Yes,"Food, beverage & agriculture",23.34204757036333,10.043292972227004,Yes
CHN,East Asia,No,Carbon neutral(ity),2060.0,In corporate strategy,Emissions reduction target,2025.0,Not Specified,Not Specified,Not Specified,No,Annual reporting,Not Specified,Not Specified,No,Yes (unspecified),No,No,Services,24.697324233312806,11.089301477871125,Not Specified
CHL,Latin America and the Caribbean,No,No target,2050.0,In corporate strategy,No target,2030.0,Carbon dioxide and other GHGs,Not Specified,Not Specified,No,Annual reporting,Not Specified,Not Specified,No,Not Specified,No,No,Services,24.059560008793497,10.67016396638419,Not Specified
DNK,Europe,No,Net zero,2030.0,Declaration / pledge,No target,2030.0,Carbon dioxide and other GHGs,Yes,Yes,Yes,Annual reporting,Not Specified,No,No,Not Specified,No,Yes,"Biotech, health care & pharma",22.104798881215785,9.719564714375199,Partial
USA,North America,No,Net zero,2035.0,Declaration / pledge,Emissions reduction target,2030.0,Not Specified,Yes,Yes,Yes,Annual reporting,Yes,Not Specified,No,Not Specified,No,Yes,Services,26.739562011374453,12.899222326086994,No
HKG,East Asia,No,Emissions reduction target,2025.0,In corporate strategy,Emissions reduction target,2023.0,Carbon dioxide and other GHGs,Yes,Yes,Yes,Annual reporting,Yes,Not Specified,No,Not Specified,No,No,"Biotech, health care & pharma",21.976028805727495,10.063733901678225,Yes
USA,North America,No,Net zero,2040.0,In corporate strategy,Emissions reduction target,2030.0,Carbon dioxide and other GHGs,Yes,Yes,Yes,Annual reporting,Yes,Yes,No,Yes (nature-based and CCS-based removals),No,Yes,Apparel,22.662007496666998,10.060534035475412,Yes
CHN,East Asia,No,Other,2050.0,In corporate strategy,Emissions reduction target,2030.0,Carbon dioxide only,Not Specified,Not Specified,No,Annual reporting,Not Specified,Not Specified,No,Not Specified,No,No,Services,22.70233440461766,9.882876598632004,Not Specified
USA,North America,No,Net zero,2050.0,In corporate strategy,Emissions reduction target,2025.0,Carbon dioxide and other GHGs,Yes,Yes,Yes,Annual reporting,Not Specified,Not Specified,No,Not Specified,No,No,"Food, beverage & agriculture",23.17659581671889,9.729193687429403,Yes
USA,North America,No,Emissions intensity target,2030.0,In corporate strategy,No target,2030.0,Not Specified,Yes,Yes,No,Annual reporting,Yes,Not Specified,No,Not Specified,No,No,Manufacturing,23.61558015135736,11.170449240431308,Partial
AUS,Oceania,No,Net zero,2050.0,In corporate strategy,Emissions reduction target,2030.0,Carbon dioxide and other GHGs,Yes,Yes,Yes,Annual reporting,Yes,Yes,No,Not Specified,No,Yes,Transportation services,7.8709295967551425,9.210440366976517,Yes
USA,North America,No,No target,2050.0,In corporate strategy,No target,2030.0,Carbon dioxide and other GHGs,No,No,No,Annual reporting,Yes,Not Specified,No,Not Specified,No,No,Infrastructure,9.792053072089823,8.82379514872053,No
DEU,Europe,No,Net zero,2050.0,In corporate strategy,Emissions reduction target,2030.0,Carbon dioxide and other GHGs,Yes,Yes,No,Annual reporting,Not Specified,Not Specified,No,Not Specified,No,No,"Food, beverage & agriculture",24.251330790580187,11.37446767182266,Yes
GBR,Europe,No,Net zero,2050.0,In corporate strategy,Emissions reduction target,2030.0,Carbon dioxide and other GHGs,Yes,Yes,Yes,Annual reporting,Yes,Yes,No,No,No,Yes,Services,24.72695603091863,9.754784507365798,Partial
ESP,Europe,No,Net zero,2050.0,In corporate strategy,Emissions reduction target,2030.0,Carbon dioxide and other GHGs,Yes,Yes,Yes,Annual reporting,Not Specified,Yes,No,"Yes (nature-based removals e.g. Forestation, soil carbon enhancement)",No,No,Fossil Fuels,24.2983044746646,8.869679374733515,Yes
HKG,East Asia,No,Other,2060.0,In corporate strategy,No target,2030.0,Not Specified,Not Specified,Not Specified,No,No reporting mechanism,Not Specified,Not Specified,No,Not Specified,No,No,Infrastructure,22.909991043958204,10.633014877188824,Not Specified
CHN,East Asia,No,Net zero,2050.0,In corporate strategy,Emissions reduction target,2035.0,Carbon dioxide and other GHGs,Yes,Yes,Yes,Annual reporting,Not Specified,Not Specified,No,Not Specified,No,Yes,Hospitality,23.148334014243478,12.765691290604371,Yes
NLD,Europe,No,Net zero,2050.0,In corporate strategy,Emissions reduction target,2030.0,Carbon dioxide and other GHGs,Yes,Yes,Yes,Annual reporting,Yes,Not Specified,No,Not Specified,No,Yes,"Biotech, health care & pharma",9.457200449907708,10.308985993422082,Yes
IND,South Asia,No,Carbon neutral(ity),2030.0,In corporate strategy,No target,2030.0,Not Specified,Yes,Yes,Yes,Annual reporting,Not Specified,Not Specified,No,Not Specified,No,No,Services,25.073892099742693,12.372548486119378,Not Specified
CHE,Europe,No,Net zero,2050.0,In corporate strategy,Emissions reduction target,2025.0,Carbon dioxide and other GHGs,Yes,Yes,Yes,Annual reporting,Not Specified,No,Yes,"Yes (nature-based removals e.g. Forestation, soil carbon enhancement)",No,Yes,"Food, beverage & agriculture",25.365086127219406,12.531776395271262,Partial
DEU,Europe,No,Net zero,2040.0,In corporate strategy,Absolute emissions target,2030.0,Carbon dioxide and other GHGs,Yes,Yes,Yes,Annual reporting,Yes,Yes,No,Not Specified,No,Yes,Infrastructure,24.420163062678732,9.815257251141714,Yes
IND,South Asia,No,Emissions reduction target,2027.0,In corporate strategy,Emissions reduction target,2030.0,Carbon dioxide and other GHGs,Yes,Yes,Yes,Annual reporting,Yes,Not Specified,No,"Yes (nature-based removals e.g. Forestation, soil carbon enhancement)",No,No,Services,23.637896509117585,11.268405047896433,Partial
CHN,East Asia,No,No target,2025.0,In corporate strategy,No target,2030.0,Carbon dioxide and other GHGs,Yes,Yes,Yes,Annual reporting,Yes,Not Specified,No,"Yes (CCS-based removals e.g. BECCS, DACCS)",No,No,Infrastructure,9.445412494155667,10.80766521652648,Not Specified
USA,North America,No,Net zero,2035.0,In corporate strategy,Net zero or similar,2025.0,Carbon dioxide and other GHGs,Yes,Yes,No,Annual reporting,Not Specified,Yes,No,Not Specified,No,Yes,Services,25.04518412277531,11.226589153242802,Partial
GBR,Europe,No,Net zero,2050.0,In corporate strategy,Emissions reduction target,2030.0,Carbon dioxide and other GHGs,Yes,Yes,Yes,Annual reporting,Yes,Yes,No,Not Specified,No,Yes,"Food, beverage & agriculture",23.72865136757806,10.312047865551595,Yes
USA,North America,Yes,Net zero,2050.0,In corporate strategy,Emissions reduction target,2030.0,Carbon dioxide only,Yes,Yes,Yes,Annual reporting,Not Specified,Not Specified,No,No,No,No,Services,23.347934429182033,9.754784507365798,Partial
DNK,Europe,No,Net zero,2050.0,In corporate strategy,Emissions reduction target,2030.0,Carbon dioxide and other GHGs,Yes,Yes,No,Annual reporting,Not Specified,Not Specified,No,Not Specified,No,No,Services,22.2087265697872,8.262816937670928,Not Specified
CAN,North America,No,Absolute emissions target,2050.0,In corporate strategy,Emissions intensity target,2030.0,Carbon dioxide and other GHGs,Yes,Yes,Yes,Annual reporting,Not Specified,Not Specified,No,"Yes (nature-based removals e.g. Forestation, soil carbon enhancement)",No,Yes,Transportation services,9.428993858017527,10.113424276363055,Yes
KOR,East Asia,No,No target,2050.0,In corporate strategy,Emissions reduction target,2030.0,Carbon dioxide and other GHGs,Not Specified,Not Specified,No,Annual reporting,Not Specified,Not Specified,No,Not Specified,No,No,Fossil Fuels,9.828332878935367,4.499809670330265,Not Specified
NLD,Europe,No,Net zero,2050.0,In corporate strategy,Emissions reduction target,2030.0,Carbon dioxide and other GHGs,Yes,Yes,Yes,Annual reporting,Yes,Not Specified,No,No,No,Yes,Services,24.000410569976324,10.543523998690803,Yes
USA,North America,No,Net zero,2040.0,In corporate strategy,Emissions reduction target,2030.0,Carbon dioxide and other GHGs,Yes,Yes,Yes,Annual reporting,No,Yes,No,"Yes (nature-based removals e.g. Forestation, soil carbon enhancement)",No,Yes,Services,22.898017558544208,10.203629181337648,Yes
CHN,East Asia,No,Carbon neutral(ity),2050.0,In corporate strategy,Other,2030.0,Not Specified,Not Specified,Not Specified,No,No reporting mechanism,Not Specified,Not Specified,No,No,No,No,Infrastructure,23.905560661593103,10.751799184597422,Not Specified
DEU,Europe,No,Climate neutral,2030.0,In corporate strategy,Emissions reduction target,2025.0,Carbon dioxide and other GHGs,Yes,Yes,Yes,Annual reporting,Yes,Yes,No,Not Specified,No,No,Manufacturing,23.488074371930217,10.969335573610264,No
USA,North America,No,No target,2050.0,In corporate strategy,No target,2030.0,Not Specified,Not Specified,Not Specified,No,No reporting mechanism,Not Specified,Yes,No,No,No,No,Transportation services,22.46898136784758,9.994059250720515,Not Specified
IND,South Asia,No,Emissions reduction target,2040.0,In corporate strategy,No target,2030.0,Carbon dioxide and other GHGs,Yes,Yes,Yes,Annual reporting,Not Specified,Yes,No,Yes (nature-based and CCS-based removals),No,No,Fossil Fuels,23.601002552318956,9.788581624034771,Partial
DEU,Europe,No,No target,2021.0,In corporate strategy,No target,2030.0,Not Specified,Yes,Yes,No,No reporting mechanism,No,Yes,No,Not Specified,No,No,Retail,23.310954681452632,10.662235190180022,Yes
CAN,North America,No,Net zero,2050.0,In corporate strategy,Emissions reduction target,2030.0,Carbon dioxide and other GHGs,Yes,Yes,Yes,Annual reporting,Not Specified,Not Specified,No,Not Specified,No,No,Materials,21.976028805727495,10.432644132986843,No
HKG,East Asia,No,Net zero,2050.0,In corporate strategy,Net zero or similar,2030.0,Carbon dioxide and other GHGs,Yes,Yes,Yes,Annual reporting,No,Not Specified,No,Not Specified,No,No,Services,22.2048703780979,9.194922119247803,Yes
USA,North America,No,Emissions reduction target,2030.0,In corporate strategy,No target,2030.0,Not Specified,Yes,Yes,Yes,Annual reporting,Yes,Not Specified,No,Not Specified,Yes,No,Manufacturing,24.239338326664694,10.31231367277647,Partial
USA,North America,No,Net zero,2050.0,In corporate strategy,No target,2030.0,Carbon dioxide only,Not Specified,Not Specified,No,Annual reporting,No,Yes,No,No,No,No,Services,23.462943895793526,10.056251557087757,Not Specified
USA,North America,No,Emissions reduction target,2030.0,Declaration / pledge,No target,2030.0,Not Specified,Yes,Yes,Yes,Annual reporting,Not Specified,Not Specified,No,Not Specified,No,No,Retail,21.917188305721876,9.3487971151232,Partial
JPN,East Asia,No,Other,2030.0,In corporate strategy,Absolute emissions target,2050.0,Carbon dioxide and other GHGs,Yes,Yes,Yes,Annual reporting,Yes,Yes,No,Yes (unspecified),No,Yes,Manufacturing,10.94674568107216,12.243122735353461,Yes
JPN,East Asia,No,Net zero,2050.0,In corporate strategy,Emissions reduction target,2030.0,Carbon dioxide and other GHGs,Yes,Yes,Yes,Less than annual reporting,No,No,No,"Yes (nature-based removals e.g. Forestation, soil carbon enhancement)",Yes,No,"Biotech, health care & pharma",22.614870641295013,9.305559638557117,Yes
ZAF,Africa,No,Net zero,2050.0,In corporate strategy,Other,2040.0,Carbon dioxide only,Yes,Yes,Yes,Annual reporting,Not Specified,Not Specified,No,Not Specified,No,No,Services,23.17124913271628,10.8260982711551,Yes
SWE,Europe,No,Emissions reduction target,2030.0,Declaration / pledge,No target,2030.0,Carbon dioxide and other GHGs,Yes,Yes,No,Annual reporting,Not Specified,Not Specified,No,Not Specified,No,No,Services,23.182854678835593,12.821260987319457,Yes
JPN,East Asia,No,Carbon neutral(ity),2051.0,In corporate strategy,Emissions reduction target,2031.0,Not Specified,Yes,Yes,Yes,Annual reporting,Not Specified,Not Specified,No,Not Specified,No,No,"Biotech, health care & pharma",24.114412882788734,9.537411412656335,No
USA,North America,No,No target,2050.0,In corporate strategy,No target,2030.0,Not Specified,No,No,No,Annual reporting,Not Specified,Not Specified,No,Not Specified,No,No,Infrastructure,24.287573639835614,9.600150240473774,No
CHN,East Asia,No,Carbon neutral(ity),2030.0,In corporate strategy,No target,2030.0,Not Specified,Yes,Yes,No,Annual reporting,Not Specified,Not Specified,No,"Yes (nature-based removals e.g. Forestation, soil carbon enhancement)",No,No,Services,25.85375609285686,12.827173189462226,Yes
CHN,East Asia,No,Net zero,2050.0,In corporate strategy,Net zero or similar,2040.0,Carbon dioxide only,Yes,Yes,Yes,Annual reporting,Not Specified,Not Specified,No,"Yes (nature-based removals e.g. Forestation, soil carbon enhancement)",No,No,Retail,23.612025184551943,11.22273357890289,Not Specified
CHN,East Asia,No,No target,2050.0,In corporate strategy,No target,2030.0,Not Specified,No,No,No,No reporting mechanism,No,No,No,No,No,No,Services,24.640733990630345,9.800679332554447,No
CHN,East Asia,No,No target,2050.0,In corporate strategy,No target,2030.0,Not Specified,Not Specified,Not Specified,No,No reporting mechanism,Not Specified,No,No,Not Specified,Yes,No,Infrastructure,22.645029652891402,8.6921543938039,Not Specified
CAN,North America,No,Other,2030.0,In corporate strategy,Other,2030.0,Carbon dioxide and other GHGs,Yes,Yes,Yes,Less than annual reporting,Not Specified,Yes,No,Not Specified,No,No,Services,23.355154677155,9.754784507365798,Partial
CHN,East Asia,No,No target,2050.0,In corporate strategy,No target,2030.0,Not Specified,Not Specified,Not Specified,No,No reporting mechanism,Not Specified,Not Specified,No,Not Specified,No,No,Manufacturing,22.199172356984562,7.0909098220799835,Not Specified
CHN,East Asia,No,Net zero,2050.0,In corporate strategy,Emissions reduction target,2025.0,Not Specified,Yes,Yes,No,Annual reporting,Not Specified,Yes,No,"Yes (CCS-based removals e.g. BECCS, DACCS)",No,No,Retail,22.05826690394191,10.464559422726214,Yes
AUT,Europe,No,Net zero,2050.0,In corporate strategy,Emissions intensity target,2025.0,Carbon dioxide and other GHGs,Yes,Yes,Yes,Annual reporting,Yes,Yes,No,"Yes (CCS-based removals e.g. BECCS, DACCS)",No,No,Fossil Fuels,24.327594520684652,10.06722074451873,Yes
DEU,Europe,No,Climate neutral,2050.0,In corporate strategy,Emissions reduction target,2030.0,Carbon dioxide and other GHGs,Yes,Yes,No,Annual reporting,No,Not Specified,No,"Yes (CCS-based removals e.g. BECCS, DACCS)",No,Yes,Materials,24.348273214492586,11.493956689922612,Partial
USA,North America,No,Net zero,2045.0,Declaration / pledge,Emissions reduction target,2030.0,Carbon dioxide and other GHGs,Yes,Yes,Yes,Annual reporting,Not Specified,Not Specified,No,Yes (nature-based and CCS-based removals),No,No,Power generation,23.71478926577656,9.700820421076743,Not Specified
USA,North America,No,Emissions reduction target,2030.0,Declaration / pledge,No target,2030.0,Carbon dioxide and other GHGs,Yes,Yes,No,Annual reporting,No,Not Specified,No,Not Specified,No,No,Services,23.060542169826977,9.525224101853109,No
KOR,East Asia,No,Net zero,2040.0,Declaration / pledge,No target,2030.0,Not Specified,Yes,Yes,No,Annual reporting,Not Specified,Yes,No,No,No,No,Services,8.32117830749028,8.046229101075378,Not Specified
PRT,Europe,No,Net zero,2040.0,In corporate strategy,Emissions reduction target,2030.0,Carbon dioxide only,Yes,Yes,Yes,Annual reporting,Not Specified,Not Specified,No,Yes (nature-based and CCS-based removals),No,No,Power generation,23.390494043597812,9.364005219520333,Yes
ISR,Western and Central Asia,No,Emissions reduction target,2030.0,In corporate strategy,Emissions reduction target,2025.0,Carbon dioxide and other GHGs,Yes,Yes,Yes,Annual reporting,Not Specified,Not Specified,No,No,No,No,"Biotech, health care & pharma",23.528624220576106,10.495930028974442,Yes
MEX,North America,No,Net zero,2050.0,In corporate strategy,Emissions reduction target,2030.0,Carbon dioxide and other GHGs,Yes,Yes,Yes,Annual reporting,Yes,No,No,Not Specified,No,Yes,Services,24.01698936034045,10.404293143019792,Yes
USA,North America,Yes,Net zero,2030.0,Declaration / pledge,Net zero or similar,2030.0,Carbon dioxide and other GHGs,Yes,Yes,No,Annual reporting,Not Specified,Not Specified,No,No,Yes,No,Services,23.295878067229854,9.754784507365798,Yes
TWN,East Asia,No,Net zero,2050.0,In corporate strategy,Emissions reduction target,2025.0,Not Specified,Yes,Yes,No,Less than annual reporting,Not Specified,Not Specified,No,Not Specified,No,Yes,Retail,26.08726326033683,13.815511557963774,No
HKG,East Asia,No,No target,2050.0,In corporate strategy,No target,2030.0,Not Specified,Not Specified,Not Specified,No,No reporting mechanism,Not Specified,Not Specified,No,Not Specified,No,No,Infrastructure,21.59873457471698,9.248214024404264,Not Specified
JPN,East Asia,No,Carbon neutral(ity),2030.0,Declaration / pledge,Net zero or similar,2024.0,Carbon dioxide and other GHGs,Yes,Yes,Yes,Annual reporting,Not Specified,Yes,Yes,Not Specified,No,No,Services,20.818576017659826,7.01301578963963,Not Specified
USA,North America,No,Net zero,2040.0,In corporate strategy,Emissions reduction target,2032.0,Not Specified,Not Specified,Not Specified,No,Annual reporting,Not Specified,Not Specified,No,Not Specified,No,No,Services,22.34482992937594,9.546884034617925,Not Specified
USA,North America,No,Net zero,2045.0,In corporate strategy,No target,2030.0,Carbon dioxide and other GHGs,Yes,Yes,Yes,Annual reporting,Not Specified,Yes,No,"Yes (CCS-based removals e.g. BECCS, DACCS)",No,No,Infrastructure,23.333335629761947,9.46792399660393,Yes
THA,East Asia,No,Net zero,2050.0,In corporate strategy,Net zero or similar,2030.0,Not Specified,Yes,Yes,Yes,Annual reporting,Not Specified,Not Specified,No,No,No,No,Services,22.584395884254633,9.754784507365798,Partial
USA,North America,No,Carbon negative,2030.0,In corporate strategy,No target,2030.0,Carbon dioxide only,Yes,Yes,Yes,Annual reporting,Not Specified,Yes,Yes,Yes (unspecified),Yes,Yes,Services,26.058835634702053,12.30592250537653,Yes
CHN,East Asia,No,Carbon neutral(ity),2050.0,In corporate strategy,Other,2028.0,Not Specified,Yes,Yes,No,Annual reporting,Not Specified,Not Specified,No,Not Specified,No,No,"Biotech, health care & pharma",24.412969950959884,9.423191133804961,Yes
SWE,Europe,No,Emissions reduction target,2030.0,In corporate strategy,No target,2030.0,Not Specified,Yes,Yes,No,No reporting mechanism,Not Specified,Not Specified,Yes,"Yes (nature-based removals e.g. Forestation, soil carbon enhancement)",No,No,Materials,21.50853630683816,8.123854263105914,Yes
USA,North America,No,Net zero,2050.0,Declaration / pledge,Emissions reduction target,2030.0,Carbon dioxide and other GHGs,Yes,Yes,Yes,Annual reporting,Yes,Not Specified,No,Yes (unspecified),No,No,Manufacturing,23.106139761261545,9.631088103615504,No
USA,North America,No,Net zero,2050.0,In corporate strategy,Net zero or similar,2030.0,Carbon dioxide and other GHGs,Yes,Yes,No,Annual reporting,No,Yes,No,Not Specified,No,Yes,Services,25.51150729862733,10.747229096720554,Not Specified
USA,North America,No,Net zero,2040.0,In corporate strategy,Emissions reduction target,2030.0,Carbon dioxide and other GHGs,Yes,Yes,Yes,Annual reporting,Yes,Yes,No,Yes (nature-based and CCS-based removals),No,Yes,Materials,25.153213210341786,11.58989576532275,Yes
CHN,East Asia,No,No target,2040.0,In corporate strategy,No target,2030.0,Not Specified,Not Specified,Not Specified,No,Annual reporting,Not Specified,Not Specified,No,Not Specified,No,No,Retail,24.381686083601412,10.697181179695644,Not Specified
JPN,East Asia,No,Net zero,2030.0,In corporate strategy,No target,2030.0,Carbon dioxide only,Yes,Yes,Yes,Annual reporting,Yes,Yes,No,Not Specified,No,No,Services,21.77931851154355,8.98669669562029,No
GBR,Europe,No,Net zero,2050.0,In corporate strategy,Emissions intensity target,2025.0,Carbon dioxide and other GHGs,Yes,Yes,Yes,Annual reporting,Yes,Yes,Yes,Yes (nature-based and CCS-based removals),No,Yes,Transportation services,23.91304235403052,11.098091606857963,Yes
USA,North America,No,Net zero,2030.0,In corporate strategy,Net zero or similar,2025.0,Carbon dioxide and other GHGs,Yes,Yes,Yes,Annual reporting,Yes,Not Specified,Yes,Not Specified,No,No,"Biotech, health care & pharma",24.08044166654907,9.77571099759397,Yes
KOR,East Asia,No,Net zero,2050.0,In corporate strategy,Emissions reduction target,2030.0,Carbon dioxide only,Yes,Yes,Yes,No reporting mechanism,Not Specified,Not Specified,No,Not Specified,No,No,Manufacturing,23.710461779528544,7.252762418053187,Yes
USA,North America,No,Net zero,2050.0,In corporate strategy,Emissions reduction target,2030.0,Carbon dioxide and other GHGs,Yes,Yes,No,Annual reporting,Not Specified,Yes,No,Not Specified,No,No,Materials,25.177345655582133,10.463131911491967,No
RUS,Europe,No,Emissions intensity target,2030.0,In corporate strategy,Emissions reduction target,2025.0,Carbon dioxide and other GHGs,Yes,Yes,Yes,Annual reporting,Yes,Not Specified,No,Not Specified,No,No,"Food, beverage & agriculture",24.1221605695793,12.735868197053117,Partial
USA,North America,Yes,Emissions reduction target,2030.0,In corporate strategy,Emissions reduction target,2030.0,Carbon dioxide and other GHGs,Yes,Yes,No,Annual reporting,Not Specified,Not Specified,No,Not Specified,No,No,Services,24.567010001642675,9.754784507365798,No
CHE,Europe,No,Net zero,2050.0,In corporate strategy,Emissions reduction target,2030.0,Carbon dioxide and other GHGs,Yes,Yes,Yes,Annual reporting,Yes,Yes,No,"Yes (CCS-based removals e.g. BECCS, DACCS)",No,No,Materials,21.578106606929694,7.946263643580541,Yes
GBR,Europe,No,Net zero,2035.0,In corporate strategy,Emissions reduction target,2030.0,Carbon dioxide and other GHGs,Yes,Yes,Yes,Annual reporting,Not Specified,Not Specified,No,Not Specified,Yes,No,"Food, beverage & agriculture",23.842763217878513,11.56635248135308,Yes
USA,North America,No,Emissions reduction target,2030.0,In corporate strategy,No target,2030.0,Carbon dioxide and other GHGs,Yes,Yes,No,No reporting mechanism,Not Specified,Not Specified,No,Not Specified,No,No,Services,23.385062653600983,11.214532906153606,Yes
JPN,East Asia,No,Carbon neutral(ity),2050.0,In corporate strategy,Emissions reduction target,2030.0,Not Specified,Yes,Yes,Yes,Annual reporting,Yes,Not Specified,No,No,No,No,Manufacturing,22.377485892343646,9.01881660441743,Partial
JPN,East Asia,No,Net zero,2040.0,In corporate strategy,Emissions reduction target,2030.0,Carbon dioxide and other GHGs,Yes,Yes,Yes,Annual reporting,Yes,Not Specified,No,Not Specified,No,No,Manufacturing,23.752481241365302,11.18795680773243,Yes
JPN,East Asia,No,Carbon neutral(ity),2040.0,Declaration / pledge,Emissions reduction target,2030.0,Carbon dioxide only,Yes,Yes,Yes,Annual reporting,Yes,No,No,Not Specified,Yes,No,Manufacturing,28.484226776562,11.671696881303923,Partial
CHN,East Asia,No,Carbon neutral(ity),2030.0,Declaration / pledge,Emissions reduction target,2030.0,Carbon dioxide and other GHGs,Yes,Yes,No,Annual reporting,Not Specified,Not Specified,No,Not Specified,Yes,No,Services,23.640874393772886,10.628641991731053,Not Specified
CHN,East Asia,No,Net zero,2050.0,In corporate strategy,Emissions reduction target,2025.0,Carbon dioxide and other GHGs,Yes,Yes,Yes,Annual reporting,Not Specified,Not Specified,Yes,Not Specified,No,No,Infrastructure,22.67387919441448,9.505171826581176,Yes
USA,North America,No,Net zero,2050.0,In corporate strategy,Emissions reduction target,2030.0,Not Specified,Yes,Yes,Yes,Annual reporting,Not Specified,Yes,No,Not Specified,No,Yes,Services,23.042216284125097,10.146472946063877,Yes
FRA,Europe,No,Carbon neutral(ity),2050.0,In corporate strategy,Emissions reduction target,2030.0,Carbon dioxide and other GHGs,Yes,Yes,Yes,Annual reporting,Yes,Not Specified,No,Not Specified,No,Yes,Manufacturing,11.015789048327752,11.499201723750419,Yes
USA,North America,Yes,No target,2050.0,In corporate strategy,Emissions reduction target,2030.0,Carbon dioxide and other GHGs,No,No,No,No reporting mechanism,Not Specified,Not Specified,No,Not Specified,No,No,"Food, beverage & agriculture",23.50208510899894,10.690102307253893,No
HKG,East Asia,No,Other,2023.0,Achieved (self-declared),No target,2030.0,Carbon dioxide and other GHGs,Yes,Yes,Yes,Annual reporting,Yes,No,No,No,No,No,Services,22.076980773633018,8.73985662749357,No
USA,North America,No,Net zero,2050.0,In corporate strategy,Emissions reduction target,2030.0,Carbon dioxide and other GHGs,Yes,Yes,No,Annual reporting,Not Specified,Not Specified,No,Not Specified,No,No,Services,22.752729008951412,10.073356901390843,Not Specified
CHN,East Asia,No,Emissions intensity target,2030.0,In corporate strategy,No target,2030.0,Carbon dioxide and other GHGs,Yes,Yes,No,Annual reporting,Not Specified,Not Specified,No,Not Specified,No,No,"Biotech, health care & pharma",21.59873457471698,9.192176401348512,No
USA,North America,No,Net zero,2050.0,In corporate strategy,Emissions reduction target,2033.0,Carbon dioxide and other GHGs,Yes,Yes,Yes,Annual reporting,Yes,Not Specified,No,Not Specified,No,Yes,"Biotech, health care & pharma",24.47276991290031,10.308985993422082,Yes
USA,North America,No,Emissions reduction target,2030.0,Achieved (externally validated),Emissions reduction target,2022.0,Carbon dioxide and other GHGs,Yes,Yes,Yes,Annual reporting,Yes,Not Specified,No,No,No,No,Manufacturing,23.973058764488115,10.239995502805316,Yes
USA,North America,No,No target,2050.0,In corporate strategy,No target,2030.0,Not Specified,Not Specified,Not Specified,No,Annual reporting,Not Specified,Not Specified,No,"Yes (CCS-based removals e.g. BECCS, DACCS)",No,No,Fossil Fuels,22.484566098861578,7.134890851565884,Not Specified
